surah,verse,local,ref1,ref2,arabic,raw_best_similarity,sn_sim_ref1,sn_sim_ref2,style_normalized_similarity,classification
2,25,Wabashiri alladhīna āmanū waʿamilū ṣ-ṣāliḥāti anna lahum jannātin tajrī min taḥtihā l-anhāru kullamā ruziqū min'hā min thamaratir-riz'qan qālū hādhā alladhī ruziq'nā min qablu wa-utū bihi mutashābihaw-walahum fīhā azwājum-muṭahharatun wahum fīhā khālidūn,"Wa bashshiril lazeena aamanoo wa 'amilus saalihaati anna lahum jannaatin tajree min tahtihal anhaaru kullamaa riziqoo minhaa min samaratir rizqan qaaloo haazal lazee ruziqnaa min qablu wa utoo bihee mutashaabihaa, wa lahum feehaaa azwaajum mutahhara tunw wa hum feehaa khaalidoon",Wabashshiri allatheena amanoowaAAamiloo assalihati anna lahum jannatintajree min tahtiha al-anharu kullamaruziqoo minha min thamaratin rizqan qaloo hathaallathee ruziqna min qablu waotoo bihi mutashabihanwalahum feeha azwajun mutahharatun wahumfeeha khalidoon,وَبَشِّرِ ٱلَّذِينَ ءَامَنُوا۟ وَعَمِلُوا۟ ٱلصَّٰلِحَٰتِ أَنَّ لَهُمْ جَنَّٰتٍۢ تَجْرِى مِن تَحْتِهَا ٱلْأَنْهَٰرُ ۖ كُلَّمَا رُزِقُوا۟ مِنْهَا مِن ثَمَرَةٍۢ رِّزْقًۭا ۙ قَالُوا۟ هَٰذَا ٱلَّذِى رُزِقْنَا مِن قَبْلُ ۖ وَأُتُوا۟ بِهِۦ مُتَشَٰبِهًۭا ۖ وَلَهُمْ فِيهَآ أَزْوَٰجٌۭ مُّطَهَّرَةٌۭ ۖ وَهُمْ فِيهَا خَٰلِدُونَ,0.0273,0.0113,0.0273,0.0273,REAL_ERROR
2,26,Inna l-laha lā yastaḥyī ay-yaḍriba mathalam-mā baʿūḍatan famā fawqahā fa-ammā alladhīna āmanū fayaʿlamūna annahu l-ḥaqu mir-rabbihim wa-ammā alladhīna kafarū fayaqūlūna mādhā arāda l-lahu bihādhā mathalay-yuḍillu bihi kathīraw-wayahdī bihi kathīraw-wamā yuḍillu bihi illā l-fāsiqīn,Innal laaha laa yastahyeee ai yadriba masalam maa ba'oodatan famaa fawqahaa; faammal lazeena aamanoo faya'lamoona annahul haqqu mir rabbihim wa ammal lazeena kafaroo fayaqooloona maazaaa araadal laahu bihaazaa masalaa; yudillu bihee kaseeranw wa yahdee bihee kaseeraa; wa maa yudillu biheee illal faasiqeen,Inna Allaha la yastahyeean yadriba mathalan ma baAAoodatan famafawqaha faamma allatheena amanoofayaAAlamoona annahu alhaqqu min rabbihim waammaallatheena kafaroo fayaqooloona matha aradaAllahu bihatha mathalan yudillu bihikatheeran wayahdee bihi katheeran wama yudillu bihiilla alfasiqeen,۞ إِنَّ ٱللَّهَ لَا يَسْتَحْىِۦٓ أَن يَضْرِبَ مَثَلًۭا مَّا بَعُوضَةًۭ فَمَا فَوْقَهَا ۚ فَأَمَّا ٱلَّذِينَ ءَامَنُوا۟ فَيَعْلَمُونَ أَنَّهُ ٱلْحَقُّ مِن رَّبِّهِمْ ۖ وَأَمَّا ٱلَّذِينَ كَفَرُوا۟ فَيَقُولُونَ مَاذَآ أَرَادَ ٱللَّهُ بِهَٰذَا مَثَلًۭا ۘ يُضِلُّ بِهِۦ كَثِيرًۭا وَيَهْدِى بِهِۦ كَثِيرًۭا ۚ وَمَا يُضِلُّ بِهِۦٓ إِلَّا ٱلْفَٰسِقِينَ,0.1652,0.0993,0.1652,0.1652,REAL_ERROR
2,30,Wa-idh qāla rabbuka lil'malāikati innī jāʿilun fī l-arḍi khalīfatan qālū atajʿalu fīhā may-yuf'sidu fīhā wayasfiku d-dimāa wanaḥnu nusabbiḥu biḥamdika wanuqaddisu laka qāla innī aʿlamu mā lā taʿlamūn,Wa iz qaala rabbuka lil malaaa'ikati innee jaa'ilun fil ardi khaleefatan qaalooo ataj'alu feehaa mai yufsidu feehaa wa yasfikud dimaaa'a wa nahnu nusabbihu bihamdika wa nuqaddisu laka qaala inneee a'lamu maa laa ta'lamoon,Wa-ith qala rabbuka lilmala-ikatiinnee jaAAilun fee al-ardi khaleefatan qalooatajAAalu feeha man yufsidu feeha wayasfiku addimaawanahnu nusabbihu bihamdika wanuqaddisu lakaqala innee aAAlamu ma la taAAlamoon,وَإِذْ قَالَ رَبُّكَ لِلْمَلَٰٓئِكَةِ إِنِّى جَاعِلٌۭ فِى ٱلْأَرْضِ خَلِيفَةًۭ ۖ قَالُوٓا۟ أَتَجْعَلُ فِيهَا مَن يُفْسِدُ فِيهَا وَيَسْفِكُ ٱلدِّمَآءَ وَنَحْنُ نُسَبِّحُ بِحَمْدِكَ وَنُقَدِّسُ لَكَ ۖ قَالَ إِنِّىٓ أَعْلَمُ مَا لَا تَعْلَمُونَ,0.219,0.2476,0.2069,0.2476,REAL_ERROR
2,54,Wa-idh qāla mūsā liqawmihi yāqawmi innakum ẓalamtum anfusakum bi-ittikhādhikumu l-ʿij'la fatūbū ilā bāri-ikum fa-uq'tulū anfusakum dhālikum khayrul-lakum ʿinda bāri-ikum fatāba ʿalaykum innahu huwa t-tawābu r-raḥīm,Wa iz qaala Moosaa liqawmihee yaa qawmi innakum zalamtum anfusakum bittikhaa zikumul 'ijla fatoobooo ilaa Baari'ikum faqtulooo anfusakum zaalikum khairul lakum 'inda Baari'ikum fataaba 'alaikum; innahoo Huwat Tawwaabur Raheem,Wa-ith qala moosaliqawmihi ya qawmi innakum thalamtumanfusakum bittikhathikumu alAAijla fatooboo ilabari-ikum faqtuloo anfusakum thalikumkhayrun lakum AAinda bari-ikum fataba AAalaykuminnahu huwa attawwabu arraheem,وَإِذْ قَالَ مُوسَىٰ لِقَوْمِهِۦ يَٰقَوْمِ إِنَّكُمْ ظَلَمْتُمْ أَنفُسَكُم بِٱتِّخَاذِكُمُ ٱلْعِجْلَ فَتُوبُوٓا۟ إِلَىٰ بَارِئِكُمْ فَٱقْتُلُوٓا۟ أَنفُسَكُمْ ذَٰلِكُمْ خَيْرٌۭ لَّكُمْ عِندَ بَارِئِكُمْ فَتَابَ عَلَيْكُمْ ۚ إِنَّهُۥ هُوَ ٱلتَّوَّابُ ٱلرَّحِيمُ,0.028,0.0231,0.0282,0.0282,REAL_ERROR
2,60,Wa-idhi is'tasqā mūsā liqawmihi faqul'nā iḍ'rib biʿaṣāka l-ḥajara fa-infajarat min'hu ith'natā ʿashrata ʿaynan qad ʿalima kullu unāsim-mashrabahum kulū wa-ish'rabū mir-riz'qi l-lahi walā taʿthaw fī l-arḍi muf'sidīn,Wa izis tasqaa Moosaa liqawmihee faqulnad rib bi'asaakal hajara fanfajarat minhusnataaa 'ashrata 'aynan qad 'alima kullu unaasim mash rabahum kuloo washraboo mir rizqil laahi wa laa ta'saw fil ardi mufsideen,Wa-ithi istasqa moosaliqawmihi faqulna idrib biAAasaka alhajarafanfajarat minhu ithnata AAashrata AAaynan qadAAalima kullu onasin mashrabahum kuloo washraboomin rizqi Allahi wala taAAthaw fee al-ardimufsideen,۞ وَإِذِ ٱسْتَسْقَىٰ مُوسَىٰ لِقَوْمِهِۦ فَقُلْنَا ٱضْرِب بِّعَصَاكَ ٱلْحَجَرَ ۖ فَٱنفَجَرَتْ مِنْهُ ٱثْنَتَا عَشْرَةَ عَيْنًۭا ۖ قَدْ عَلِمَ كُلُّ أُنَاسٍۢ مَّشْرَبَهُمْ ۖ كُلُوا۟ وَٱشْرَبُوا۟ مِن رِّزْقِ ٱللَّهِ وَلَا تَعْثَوْا۟ فِى ٱلْأَرْضِ مُفْسِدِينَ,0.3541,0.4048,0.3294,0.4048,REAL_ERROR
2,61,Wa-idh qul'tum yāmūsā lan-naṣbira ʿalā ṭaʿāmiw-wāḥidin fa-ud'ʿu lanā rabbaka yukh'rij lanā mimmā tunbitu l-arḍu min baqlihā waqithāihā wafūmihā waʿadasihā wabaṣalihā qāla atastabdilūna alladhī huwa adnā bi-alladhī huwa khayrun ih'biṭū miṣ'ran fa-inna lakum mā sa-altum waḍuribat ʿalayhimu dh-dhilatu wal-maskanatu wabāū bighaḍabim-mina l-lahi dhālika bi-annahum kānū yakfurūna biāyāti l-lahi wayaqtulūna n-nabiyīna bighayri l-ḥaqi dhālika bimā ʿaṣaw wakānū yaʿtadūn,Wa iz qultum yaa Moosaa lan nasbira 'alaa ta'aaminw waahidin fad'u lanaa rabbaka yukhrij lanaa mimmaa tumbitul ardu mimbaqlihaa wa qis saaa'ihaa wa foomihaa wa 'adasihaa wa basalihaa qaala atastabdiloonal lazee huwa adnaa billazee huwa khayr; ihbitoo misran fa inna lakum maa sa altum; wa duribat 'alaihimuz zillatu walmaskanatu wa baaa'oo bighadabim minal laah; zaalika bi annahum kaano yakfuroona bi aayaatil laahi wa yaqtuloonan Nabiyyeena bighairil haqq; zaalika bimaa 'asaw wa kaanoo ya'tadoon,Wa-ith qultum ya moosalan nasbira AAala taAAamin wahidinfadAAu lana rabbaka yukhrij lana mimmatunbitu al-ardu min baqliha waqiththa-ihawafoomiha waAAadasiha wabasaliha qalaatastabdiloona allathee huwa adna billatheehuwa khayrun ihbitoo misran fa-inna lakum masaaltum waduribat AAalayhimu aththillatu walmaskanatuwabaoo bighadabin mina Allahi thalikabi-annahum kanoo yakfuroona bi-ayati Allahiwayaqtuloona annabiyyeena bighayri alhaqqi thalikabima AAasaw wakanoo yaAAtadoon,وَإِذْ قُلْتُمْ يَٰمُوسَىٰ لَن نَّصْبِرَ عَلَىٰ طَعَامٍۢ وَٰحِدٍۢ فَٱدْعُ لَنَا رَبَّكَ يُخْرِجْ لَنَا مِمَّا تُنۢبِتُ ٱلْأَرْضُ مِنۢ بَقْلِهَا وَقِثَّآئِهَا وَفُومِهَا وَعَدَسِهَا وَبَصَلِهَا ۖ قَالَ أَتَسْتَبْدِلُونَ ٱلَّذِى هُوَ أَدْنَىٰ بِٱلَّذِى هُوَ خَيْرٌ ۚ ٱهْبِطُوا۟ مِصْرًۭا فَإِنَّ لَكُم مَّا سَأَلْتُمْ ۗ وَضُرِبَتْ عَلَيْهِمُ ٱلذِّلَّةُ وَٱلْمَسْكَنَةُ وَبَآءُو بِغَضَبٍۢ مِّنَ ٱللَّهِ ۗ ذَٰلِكَ بِأَنَّهُمْ كَانُوا۟ يَكْفُرُونَ بِـَٔايَٰتِ ٱللَّهِ وَيَقْتُلُونَ ٱلنَّبِيِّۦنَ بِغَيْرِ ٱلْحَقِّ ۗ ذَٰلِكَ بِمَا عَصَوا۟ وَّكَانُوا۟ يَعْتَدُونَ,0.1537,0.1535,0.1543,0.1543,REAL_ERROR
2,74,Thumma qasat qulūbukum min baʿdi dhālika fahiya kal-ḥijārati aw ashaddu qaswataw-wa-inna mina l-ḥijārati lamā yatafajjaru min'hu l-anhāru wa-inna min'hā lamā yashaqqaqu fayakhruju min'hu l-māu wa-inna min'hā lamā yahbiṭu min khashyati l-lahi wamā l-lahu bighāfilin ʿammā taʿmalūn,Summa qasat quloobukum mim ba'di zaalika fahiya kalhijaarati aw-ashaadu qaswah; wa inna minal hijaarati lamaa yatafajjaru minhul anhaar; wa inna minhaa lamaa yash shaqqaqu fayakhruju minhul maaa'; wa inna minhaa lamaa yahbitu min khashyatil laa; wa mal laahu bighaafilin 'ammaa ta'maloon,Thumma qasat quloobukum min baAAdi thalikafahiya kalhijarati aw ashaddu qaswatanwa-inna mina alhijarati lama yatafajjaruminhu al-anharu wa-inna minha lamayashshaqqaqu fayakhruju minhu almao wa-inna minhalama yahbitu min khashyati Allahi wamaAllahu bighafilin AAamma taAAmaloon,ثُمَّ قَسَتْ قُلُوبُكُم مِّنۢ بَعْدِ ذَٰلِكَ فَهِىَ كَٱلْحِجَارَةِ أَوْ أَشَدُّ قَسْوَةًۭ ۚ وَإِنَّ مِنَ ٱلْحِجَارَةِ لَمَا يَتَفَجَّرُ مِنْهُ ٱلْأَنْهَٰرُ ۚ وَإِنَّ مِنْهَا لَمَا يَشَّقَّقُ فَيَخْرُجُ مِنْهُ ٱلْمَآءُ ۚ وَإِنَّ مِنْهَا لَمَا يَهْبِطُ مِنْ خَشْيَةِ ٱللَّهِ ۗ وَمَا ٱللَّهُ بِغَٰفِلٍ عَمَّا تَعْمَلُونَ,0.2234,0.0608,0.2274,0.2274,REAL_ERROR
2,83,Wa-idh akhadhnā mīthāqa banī is'rāīla lā taʿbudūna illā l-laha wabil-wālidayni iḥ'sānaw-wadhī l-qur'bā wal-yatāmā wal-masākīni waqūlū lilnnāsi ḥus'naw-wa-aqīmū ṣ-ṣalata waātū z-zakata thumma tawallaytum illā qalīlam-minkum wa-antum muʿ'riḍūn,Wa iz akhaznaa meesaaqa Baneee Israaa'eela laa ta'budoona illal laaha wa bil waalidaini ihsaananw wa zil qurbaa walyataamaa walmasaakeeni wa qooloo linnaasi husnanw wa aqeemus salaata wa aatuzZakaata summa tawallitum illaa qaleelam minkum wa antum mu'ridoon,Wa-ith akhathna meethaqabanee isra-eela la taAAbudoona illa Allahawabilwalidayni ihsanan watheealqurba walyatama walmasakeeniwaqooloo linnasi husnan waaqeemoo assalatawaatoo azzakata thumma tawallaytum illaqaleelan minkum waantum muAAridoon,وَإِذْ أَخَذْنَا مِيثَٰقَ بَنِىٓ إِسْرَٰٓءِيلَ لَا تَعْبُدُونَ إِلَّا ٱللَّهَ وَبِٱلْوَٰلِدَيْنِ إِحْسَانًۭا وَذِى ٱلْقُرْبَىٰ وَٱلْيَتَٰمَىٰ وَٱلْمَسَٰكِينِ وَقُولُوا۟ لِلنَّاسِ حُسْنًۭا وَأَقِيمُوا۟ ٱلصَّلَوٰةَ وَءَاتُوا۟ ٱلزَّكَوٰةَ ثُمَّ تَوَلَّيْتُمْ إِلَّا قَلِيلًۭا مِّنكُمْ وَأَنتُم مُّعْرِضُونَ,0.0333,0.0322,0.0333,0.0333,REAL_ERROR
2,85,Thumma antum hāulāi taqtulūna anfusakum watukh'rijūna farīqam-minkum min diyārihim taẓāharūna ʿalayhim bil-ith'mi wal-ʿud'wāni wa-iy-yatūkum usārā tufādūhum wahuwa muḥarramun ʿalaykum ikh'rājuhum afatu'minūna bibaʿḍi l-kitābi watakfurūna bibaʿḍin famā jazāu may-yafʿalu dhālika minkum illā khiz'yun fī l-ḥayati d-dun'yā wayawma l-qiyāmati yuraddūna ilā ashaddi l-ʿadhābi wamā l-lahu bighāfilin ʿammā taʿmalūn,Summa antum haaa'ulaaa'i taqtuloona anfusakum wa tukhrijoona fareeqam minkum min diyaarihim tazaaharoona 'alaihim bil ismi wal'udwaani wa iny yaatookum usaaraa tufaadoohum wahuwa muharramun 'alaikum ikhraajuhum; afatu' mi-noona biba'dil Kitaabi wa takfuroona biba'd; famaa jazaaa'u mai yaf'alu zaalika minkum illaa khizyun fil hayaatid-dunyaa wa yawmal qiyaamati yuraddoona ilaaa ashaddil 'azaab; wa mal laahu bighaafilin 'ammaa ta'maloon,Thumma antum haola-itaqtuloona anfusakum watukhrijoona fareeqan minkum min diyarihimtathaharoona AAalayhim bil-ithmi walAAudwaniwa-in ya/tookum osara tufadoohum wahuwa muharramunAAalaykum ikhrajuhum afatu/minoona bibaAAdi alkitabiwatakfuroona bibaAAdin fama jazao manyafAAalu thalika minkum illa khizyun fee alhayatiaddunya wayawma alqiyamati yuraddoona ilaashaddi alAAathabi wama Allahu bighafilinAAamma taAAmaloon,ثُمَّ أَنتُمْ هَٰٓؤُلَآءِ تَقْتُلُونَ أَنفُسَكُمْ وَتُخْرِجُونَ فَرِيقًۭا مِّنكُم مِّن دِيَٰرِهِمْ تَظَٰهَرُونَ عَلَيْهِم بِٱلْإِثْمِ وَٱلْعُدْوَٰنِ وَإِن يَأْتُوكُمْ أُسَٰرَىٰ تُفَٰدُوهُمْ وَهُوَ مُحَرَّمٌ عَلَيْكُمْ إِخْرَاجُهُمْ ۚ أَفَتُؤْمِنُونَ بِبَعْضِ ٱلْكِتَٰبِ وَتَكْفُرُونَ بِبَعْضٍۢ ۚ فَمَا جَزَآءُ مَن يَفْعَلُ ذَٰلِكَ مِنكُمْ إِلَّا خِزْىٌۭ فِى ٱلْحَيَوٰةِ ٱلدُّنْيَا ۖ وَيَوْمَ ٱلْقِيَٰمَةِ يُرَدُّونَ إِلَىٰٓ أَشَدِّ ٱلْعَذَابِ ۗ وَمَا ٱللَّهُ بِغَٰفِلٍ عَمَّا تَعْمَلُونَ,0.2434,0.2449,0.1565,0.2449,REAL_ERROR
2,87,Walaqad ātaynā mūsā l-kitāba waqaffaynā min baʿdihi bil-rusuli waātaynā ʿīsā ib'na maryama l-bayināti wa-ayyadnāhu birūḥi l-qudusi afakullamā jāakum rasūlun bimā lā tahwā anfusukumu is'takbartum fafarīqan kadhabtum wafarīqan taqtulūn,Wa laqad aatainaa Moosal Kitaaba wa qaffainaa mim ba'dihee bir Rusuli wa aatainaa 'Eesab-na-Maryamal baiyinaati wa ayyadnaahu bi Roohil Qudus; afakullamaa jaaa'akum Rasoolum bimaa laa tahwaaa anfusukumus takbartum fafareeqan kazzabtum wa fareeqan taqtuloon,Walaqad atayna moosaalkitaba waqaffayna min baAAdihi birrusuliwaatayna AAeesa ibna maryama albayyinatiwaayyadnahu biroohi alqudusi afakullama jaakumrasoolun bima la tahwa anfusukumuistakbartum fafareeqan kaththabtum wafareeqan taqtuloon,وَلَقَدْ ءَاتَيْنَا مُوسَى ٱلْكِتَٰبَ وَقَفَّيْنَا مِنۢ بَعْدِهِۦ بِٱلرُّسُلِ ۖ وَءَاتَيْنَا عِيسَى ٱبْنَ مَرْيَمَ ٱلْبَيِّنَٰتِ وَأَيَّدْنَٰهُ بِرُوحِ ٱلْقُدُسِ ۗ أَفَكُلَّمَا جَآءَكُمْ رَسُولٌۢ بِمَا لَا تَهْوَىٰٓ أَنفُسُكُمُ ٱسْتَكْبَرْتُمْ فَفَرِيقًۭا كَذَّبْتُمْ وَفَرِيقًۭا تَقْتُلُونَ,0.1706,0.0288,0.1709,0.1709,REAL_ERROR
2,93,Wa-idh akhadhnā mīthāqakum warafaʿnā fawqakumu ṭ-ṭūra khudhū mā ātaynākum biquwwatiw-wa-is'maʿū qālū samiʿ'nā waʿaṣaynā wa-ush'ribū fī qulūbihimu l-ʿij'la bikuf'rihim qul bi'samā yamurukum bihi īmānukum in kuntum mu'minīn,Wa iz akhaznaa meesaaqakum wa rafa'naa fawqa kumut Toora khuzoo maaa aatainaakum biquwwatinw wasma'oo qaaloo sami'naa wa 'asainaa wa ushriboo fee quloobihimul 'ijla bikufrihim; qul bi'samaa yaamurukum biheee eemaanukum in kuntum m'mineen,Wa-ith akhathna meethaqakumwarafaAAna fawqakumu attoora khuthooma ataynakum biquwwatin wasmaAAoo qaloosamiAAna waAAasayna waoshriboo feequloobihimu alAAijla bikufrihim qul bi/sama ya/murukumbihi eemanukum in kuntum mu/mineen,وَإِذْ أَخَذْنَا مِيثَٰقَكُمْ وَرَفَعْنَا فَوْقَكُمُ ٱلطُّورَ خُذُوا۟ مَآ ءَاتَيْنَٰكُم بِقُوَّةٍۢ وَٱسْمَعُوا۟ ۖ قَالُوا۟ سَمِعْنَا وَعَصَيْنَا وَأُشْرِبُوا۟ فِى قُلُوبِهِمُ ٱلْعِجْلَ بِكُفْرِهِمْ ۚ قُلْ بِئْسَمَا يَأْمُرُكُم بِهِۦٓ إِيمَٰنُكُمْ إِن كُنتُم مُّؤْمِنِينَ,0.2562,0.0221,0.2573,0.2573,REAL_ERROR
2,102,Wa-ittabaʿū mā tatlū sh-shayāṭīnu ʿalā mul'ki sulaymāna wamā kafara sulaymānu walākinna sh-shayāṭīna kafarū yuʿallimūna n-nāsa s-siḥ'ra wamā unzila ʿalā l-malakayni bibābila hārūta wamārūta wamā yuʿallimāni min aḥadin ḥattā yaqūlā innamā naḥnu fit'natun falā takfur fayataʿallamūna min'humā mā yufarriqūna bihi bayna l-mari wazawjihi wamā hum biḍārrīna bihi min aḥadin illā bi-idh'ni l-lahi wayataʿallamūna mā yaḍurruhum walā yanfaʿuhum walaqad ʿalimū lamani ish'tarāhu mā lahu fī l-ākhirati min khalāqiw-walabi'sa mā sharaw bihi anfusahum law kānū yaʿlamūn,Wattaba'oo maa tatlush Shayaateenu 'alaa mulki Sulaimaana wa maa kafara Sulaimaanu wa laakinnash Shayattena kafaroo yu'al limoonan naasas sihra wa maaa unzila 'alal malakaini bi Baabila Haaroota wa Maaroot; wa maa yu'allimaani min ahadin hattaa yaqoolaaa innamaa nahnu fitnatun falaa takfur fayata'al lamoona minhumaa maa yufarriqoona bihee bainal mar'i wa zawjih; wa maa hum bidaaarreena bihee min ahadin illaa bi-iznillah; wa yata'allamoona maa yadurruhum wa laa yanfa'uhum; wa laqad 'alimoo lamanish taraahu maa lahoo fil Aakhirati min khalaaq; wa labi'sa maa sharaw biheee anfusahum; law kaanoo ya'lamoon,WattabaAAoo ma tatloo ashshayateenuAAala mulki sulaymana wama kafara sulaymanuwalakinna ashshayateena kafarooyuAAallimoona annasa assihra wamaonzila AAala almalakayni bibabila harootawamaroota wama yuAAallimani min ahadinhatta yaqoola innama nahnufitnatun fala takfur fayataAAallamoona minhuma mayufarriqoona bihi bayna almar-i wazawjihi wama hum bidarreenabihi min ahadin illa bi-ithni AllahiwayataAAallamoona ma yadurruhum walayanfaAAuhum walaqad AAalimoo lamani ishtarahu malahu fee al-akhirati min khalaqin walabi/sa masharaw bihi anfusahum law kanoo yaAAlamoon,وَٱتَّبَعُوا۟ مَا تَتْلُوا۟ ٱلشَّيَٰطِينُ عَلَىٰ مُلْكِ سُلَيْمَٰنَ ۖ وَمَا كَفَرَ سُلَيْمَٰنُ وَلَٰكِنَّ ٱلشَّيَٰطِينَ كَفَرُوا۟ يُعَلِّمُونَ ٱلنَّاسَ ٱلسِّحْرَ وَمَآ أُنزِلَ عَلَى ٱلْمَلَكَيْنِ بِبَابِلَ هَٰرُوتَ وَمَٰرُوتَ ۚ وَمَا يُعَلِّمَانِ مِنْ أَحَدٍ حَتَّىٰ يَقُولَآ إِنَّمَا نَحْنُ فِتْنَةٌۭ فَلَا تَكْفُرْ ۖ فَيَتَعَلَّمُونَ مِنْهُمَا مَا يُفَرِّقُونَ بِهِۦ بَيْنَ ٱلْمَرْءِ وَزَوْجِهِۦ ۚ وَمَا هُم بِضَآرِّينَ بِهِۦ مِنْ أَحَدٍ إِلَّا بِإِذْنِ ٱللَّهِ ۚ وَيَتَعَلَّمُونَ مَا يَضُرُّهُمْ وَلَا يَنفَعُهُمْ ۚ وَلَقَدْ عَلِمُوا۟ لَمَنِ ٱشْتَرَىٰهُ مَا لَهُۥ فِى ٱلْءَاخِرَةِ مِنْ خَلَٰقٍۢ ۚ وَلَبِئْسَ مَا شَرَوْا۟ بِهِۦٓ أَنفُسَهُمْ ۚ لَوْ كَانُوا۟ يَعْلَمُونَ,0.1836,0.1474,0.1859,0.1859,REAL_ERROR
2,109,Wadda kathīrum-min ahli l-kitābi law yaruddūnakum min baʿdi īmānikum kuffāran ḥasadam-min ʿindi anfusihim min baʿdi mā tabayyana lahumu l-ḥaqu fa-iʿ'fū wa-iṣ'faḥū ḥattā yatiya l-lahu bi-amrihi inna l-laha ʿalā kulli shayin qadīrun,Wadda kaseerum min ahlil kitaabi law yaruddoo nakum mim ba'di eemaanikum kuffaaran hasadam min 'indi anfusihim mim ba'di maa tabaiyana lahumul haqqu fa'foo washfahoo hattaa yaa tiyallaahu bi amrih; innal laaha 'alaa kulli shai'in qadeer,Wadda katheerun min ahli alkitabilaw yaruddoonakum min baAAdi eemanikum kuffaran hasadanmin AAindi anfusihim min baAAdi ma tabayyana lahumu alhaqqufaAAfoo wasfahoo hattaya/tiya Allahu bi-amrihi inna Allaha AAalakulli shay-in qadeer,وَدَّ كَثِيرٌۭ مِّنْ أَهْلِ ٱلْكِتَٰبِ لَوْ يَرُدُّونَكُم مِّنۢ بَعْدِ إِيمَٰنِكُمْ كُفَّارًا حَسَدًۭا مِّنْ عِندِ أَنفُسِهِم مِّنۢ بَعْدِ مَا تَبَيَّنَ لَهُمُ ٱلْحَقُّ ۖ فَٱعْفُوا۟ وَٱصْفَحُوا۟ حَتَّىٰ يَأْتِىَ ٱللَّهُ بِأَمْرِهِۦٓ ۗ إِنَّ ٱللَّهَ عَلَىٰ كُلِّ شَىْءٍۢ قَدِيرٌۭ,0.1555,0.1565,0.1397,0.1565,REAL_ERROR
2,113,Waqālati l-yahūdu laysati n-naṣārā ʿalā shayiw-waqālati n-naṣārā laysati l-yahūdu ʿalā shayiw-wahum yatlūna l-kitāba kadhālika qāla alladhīna lā yaʿlamūna mith'la qawlihim fal-lahu yaḥkumu baynahum yawma l-qiyāmati fīmā kānū fīhi yakhtalifūn,Wa qaalatil Yahoodu laisatin Nasaaraa 'alaa shai'inw-wa qaalatin Nasaaraaa laisatil Yahoodu 'alaa shai'inw'wa hum yatloonal Kitaab; kazaalika qaalal lazeena la ya'lamoona misla qawlihim Yawmal Qiyaamati feemaa kaanoo feehi yakhtalifoon,Waqalati alyahoodu laysati annasaraAAala shay-in waqalati annasaralaysati alyahoodu AAala shay-in wahum yatloona alkitabakathalika qala allatheena layaAAlamoona mithla qawlihim fallahu yahkumubaynahum yawma alqiyamati feema kanoo feehiyakhtalifoon,وَقَالَتِ ٱلْيَهُودُ لَيْسَتِ ٱلنَّصَٰرَىٰ عَلَىٰ شَىْءٍۢ وَقَالَتِ ٱلنَّصَٰرَىٰ لَيْسَتِ ٱلْيَهُودُ عَلَىٰ شَىْءٍۢ وَهُمْ يَتْلُونَ ٱلْكِتَٰبَ ۗ كَذَٰلِكَ قَالَ ٱلَّذِينَ لَا يَعْلَمُونَ مِثْلَ قَوْلِهِمْ ۚ فَٱللَّهُ يَحْكُمُ بَيْنَهُمْ يَوْمَ ٱلْقِيَٰمَةِ فِيمَا كَانُوا۟ فِيهِ يَخْتَلِفُونَ,0.2295,0.1444,0.2346,0.2346,REAL_ERROR
2,114,Waman aẓlamu mimmam-manaʿa masājida l-lahi ay-yudh'kara fīhā us'muhu wasaʿā fī kharābihā ulāika mā kāna lahum ay-yadkhulūhā illā khāifīna lahum fī d-dun'yā khiz'yuw-walahum fī l-ākhirati ʿadhābun ʿaẓīmun,Wa man azlamu mimmam-mana'a masaajidal laahi ai-yuzkara feehas muhoo wa sa'aa fee kharaabihaaa; ulaaa'ika maa kaana lahum ai yadkhuloohaaa illaa khaaa''feen; lahum fiddunyaa khizyunw wa lahum fil aakhirati 'azaabun 'azeem,Waman athlamu mimman manaAAamasajida Allahi an yuthkara feehaismuhu wasaAAa fee kharabiha ola-ikama kana lahum an yadkhulooha illa kha-ifeenalahum fee addunya khizyun walahum fee al-akhiratiAAathabun AAatheem,وَمَنْ أَظْلَمُ مِمَّن مَّنَعَ مَسَٰجِدَ ٱللَّهِ أَن يُذْكَرَ فِيهَا ٱسْمُهُۥ وَسَعَىٰ فِى خَرَابِهَآ ۚ أُو۟لَٰٓئِكَ مَا كَانَ لَهُمْ أَن يَدْخُلُوهَآ إِلَّا خَآئِفِينَ ۚ لَهُمْ فِى ٱلدُّنْيَا خِزْىٌۭ وَلَهُمْ فِى ٱلْءَاخِرَةِ عَذَابٌ عَظِيمٌۭ,0.2339,0.3693,0.0587,0.3693,REAL_ERROR
2,126,Wa-idh qāla ib'rāhīmu rabbi ij'ʿal hādhā baladan āminaw-wa-ur'zuq ahlahu mina th-thamarāti man āmana min'hum bil-lahi wal-yawmi l-ākhiri qāla waman kafara fa-umattiʿuhu qalīlan thumma aḍṭarruhu ilā ʿadhābi n-nāri wabi'sa l-maṣīr,Wa iz qaala Ibraaheemu Rabbij 'al haazaa baladan aaminanw warzuq ahlahoo minas samaraati man aamana minhum billaahi wal yawmil aakhiri qaala wa man kafara faumatti'uhoo qaleelan summa adtarruhooo ilaa 'azaabin Naari wa bi'salmaseer,Wa-ith qala ibraheemurabbi ijAAal hatha baladan aminan warzuqahlahu mina aththamarati man amana minhumbillahi walyawmi al-akhiri qalawaman kafara faomattiAAuhu qaleelan thumma adtarruhu ilaAAathabi annari wabi/sa almaseer,وَإِذْ قَالَ إِبْرَٰهِۦمُ رَبِّ ٱجْعَلْ هَٰذَا بَلَدًا ءَامِنًۭا وَٱرْزُقْ أَهْلَهُۥ مِنَ ٱلثَّمَرَٰتِ مَنْ ءَامَنَ مِنْهُم بِٱللَّهِ وَٱلْيَوْمِ ٱلْءَاخِرِ ۖ قَالَ وَمَن كَفَرَ فَأُمَتِّعُهُۥ قَلِيلًۭا ثُمَّ أَضْطَرُّهُۥٓ إِلَىٰ عَذَابِ ٱلنَّارِ ۖ وَبِئْسَ ٱلْمَصِيرُ,0.1024,0.0308,0.1029,0.1029,REAL_ERROR
2,133,Am kuntum shuhadāa idh ḥaḍara yaʿqūba l-mawtu idh qāla libanīhi mā taʿbudūna min baʿdī qālū naʿbudu ilāhaka wa-ilāha ābāika ib'rāhīma wa-is'māʿīla wa-is'ḥāqa ilāhaw-wāḥidan wanaḥnu lahu mus'limūn,Am kuntum shuhadaaa'a iz hadara Ya'qoobal mawtu iz qaala libaneehi maa ta'budoona mim ba'dee qaaloo na'budu ilaahaka wa ilaaha aabaaa'ika Ibraaheema wa Ismaa'eela wa Ishaaqa Ilaahanw waahidanw wa nahnu lahoo muslimoon,Am kuntum shuhadaa ith hadarayaAAqooba almawtu ith qala libaneehi mataAAbudoona min baAAdee qaloo naAAbudu ilahakawa-ilaha aba-ika ibraheema wa-ismaAAeelawa-ishaqa ilahan wahidan wanahnu lahumuslimoon,أَمْ كُنتُمْ شُهَدَآءَ إِذْ حَضَرَ يَعْقُوبَ ٱلْمَوْتُ إِذْ قَالَ لِبَنِيهِ مَا تَعْبُدُونَ مِنۢ بَعْدِى قَالُوا۟ نَعْبُدُ إِلَٰهَكَ وَإِلَٰهَ ءَابَآئِكَ إِبْرَٰهِۦمَ وَإِسْمَٰعِيلَ وَإِسْحَٰقَ إِلَٰهًۭا وَٰحِدًۭا وَنَحْنُ لَهُۥ مُسْلِمُونَ,0.2961,0.3252,0.2582,0.3252,REAL_ERROR
2,136,Qūlū āmannā bil-lahi wamā unzila ilaynā wamā unzila ilā ib'rāhīma wa-is'māʿīla wa-is'ḥāqa wayaʿqūba wal-asbāṭi wamā ūtiya mūsā waʿīsā wamā ūtiya n-nabiyūna mir-rabbihim lā nufarriqu bayna aḥadim-min'hum wanaḥnu lahu mus'limūn,Qoolooo aamannaa billaahi wa maaa unzila ilainaa wa maaa unzila ilaaa Ibraaheema wa Ismaa'eela wa Ishaaqa wa Ya'qooba wal Asbaati wa maaootiya Moosa wa 'Eesaa wa maaa ootiyan Nabiyyoona mir Rabbihim laa nufaariq baina ahadim minhum wa nahnu lahoo muslimoon,Qooloo amanna billahiwama onzila ilayna wama onzila ilaibraheema wa-ismaAAeela wa-ishaqawayaAAqooba wal-asbati wama ootiya moosawaAAeesa wama ootiya annabiyyoona minrabbihim la nufarriqu bayna ahadin minhum wanahnulahu muslimoon,قُولُوٓا۟ ءَامَنَّا بِٱللَّهِ وَمَآ أُنزِلَ إِلَيْنَا وَمَآ أُنزِلَ إِلَىٰٓ إِبْرَٰهِۦمَ وَإِسْمَٰعِيلَ وَإِسْحَٰقَ وَيَعْقُوبَ وَٱلْأَسْبَاطِ وَمَآ أُوتِىَ مُوسَىٰ وَعِيسَىٰ وَمَآ أُوتِىَ ٱلنَّبِيُّونَ مِن رَّبِّهِمْ لَا نُفَرِّقُ بَيْنَ أَحَدٍۢ مِّنْهُمْ وَنَحْنُ لَهُۥ مُسْلِمُونَ,0.4018,0.25,0.4018,0.4018,REAL_ERROR
2,140,Am taqūlūna inna ib'rāhīma wa-is'māʿīla wa-is'ḥāqa wayaʿqūba wal-asbāṭa kānū hūdan aw naṣārā qul a-antum aʿlamu ami l-lahu waman aẓlamu mimman katama shahādatan ʿindahu mina l-lahi wamā l-lahu bighāfilin ʿammā taʿmalūn,Am taqooloona inna Ibraaheema wa Ismaa'eela wa Ishaaq wa Ya'qooba wal asbaata kaanoo Hoodan aw Nasaaraa; qul 'a-antum a'lamu amil laah; wa man azlamu mimman katama shahaadatan 'indahoo minallaah; wa mallaahu bighaafilin 'ammaa ta'maloon,Am taqooloona inna ibraheema wa-ismaAAeelawa-ishaqa wayaAAqooba wal-asbata kanoohoodan aw nasara qul aantum aAAlamu ami Allahuwaman athlamu mimman katama shahadatanAAindahu mina Allahi wama Allahu bighafilinAAamma taAAmaloon,أَمْ تَقُولُونَ إِنَّ إِبْرَٰهِۦمَ وَإِسْمَٰعِيلَ وَإِسْحَٰقَ وَيَعْقُوبَ وَٱلْأَسْبَاطَ كَانُوا۟ هُودًا أَوْ نَصَٰرَىٰ ۗ قُلْ ءَأَنتُمْ أَعْلَمُ أَمِ ٱللَّهُ ۗ وَمَنْ أَظْلَمُ مِمَّن كَتَمَ شَهَٰدَةً عِندَهُۥ مِنَ ٱللَّهِ ۗ وَمَا ٱللَّهُ بِغَٰفِلٍ عَمَّا تَعْمَلُونَ,0.4977,0.4081,0.5,0.5,REAL_ERROR
2,143,Wakadhālika jaʿalnākum ummataw-wasaṭan litakūnū shuhadāa ʿalā n-nāsi wayakūna r-rasūlu ʿalaykum shahīdaw-wamā jaʿalnā l-qib'lata allatī kunta ʿalayhā illā linaʿlama may-yattabiʿu r-rasūla mimmay-yanqalibu ʿalā ʿaqibayhi wa-in kānat lakabīratan illā ʿalā alladhīna hadā l-lahu wamā kāna l-lahu liyuḍīʿa īmānakum inna l-laha bil-nāsi laraūfur-raḥīmun,Wa kazaalika ja'alnaakum ummatanw wasatal litakoonoo shuhadaaa'a 'alan naasi wa yakoonar Rasoolu 'alaikum shaheedaa; wa maa ja'alnal qiblatal latee kunta 'alaihaaa illaa lina'lama mai yattabi'ur Rasoola mimmai yanqalibu 'alaa 'aqibayh; wa in kaanat lakabeeratan illaa 'alal lazeena hadal laah; wa maa kaanal laahu liyudee'a eemaanakum; innal laaha binnaasi la Ra'oofur Raheem,Wakathalika jaAAalnakumommatan wasatan litakoonoo shuhadaa AAala annasiwayakoona arrasoolu AAalaykum shaheedan wamajaAAalna alqiblata allatee kunta AAalayha illalinaAAlama man yattabiAAu arrasoola mimman yanqalibu AAalaAAaqibayhi wa-in kanat lakabeeratan illa AAalaallatheena hada Allahu wama kanaAllahu liyudeeAAa eemanakum inna Allahabinnasi laraoofun raheem,وَكَذَٰلِكَ جَعَلْنَٰكُمْ أُمَّةًۭ وَسَطًۭا لِّتَكُونُوا۟ شُهَدَآءَ عَلَى ٱلنَّاسِ وَيَكُونَ ٱلرَّسُولُ عَلَيْكُمْ شَهِيدًۭا ۗ وَمَا جَعَلْنَا ٱلْقِبْلَةَ ٱلَّتِى كُنتَ عَلَيْهَآ إِلَّا لِنَعْلَمَ مَن يَتَّبِعُ ٱلرَّسُولَ مِمَّن يَنقَلِبُ عَلَىٰ عَقِبَيْهِ ۚ وَإِن كَانَتْ لَكَبِيرَةً إِلَّا عَلَى ٱلَّذِينَ هَدَى ٱللَّهُ ۗ وَمَا كَانَ ٱللَّهُ لِيُضِيعَ إِيمَٰنَكُمْ ۚ إِنَّ ٱللَّهَ بِٱلنَّاسِ لَرَءُوفٌۭ رَّحِيمٌۭ,0.0561,0.0707,0.0399,0.0707,REAL_ERROR
2,144,Qad narā taqalluba wajhika fī s-samāi falanuwalliyannaka qib'latan tarḍāhā fawalli wajhaka shaṭra l-masjidi l-ḥarāmi waḥaythu mā kuntum fawallū wujūhakum shaṭrahu wa-inna alladhīna ūtū l-kitāba layaʿlamūna annahu l-ḥaqu mir-rabbihim wamā l-lahu bighāfilin ʿammā yaʿmalūn,Qad naraa taqalluba wajhika fis samaaa'i fala nuwalliyannaka qiblatan tardaahaa; fawalli wajhaka shatral Masjidil haaraam; wa haisu maa kuntum fawalloo wujoohakum shatrah; wa innal lazeena ootul Kitaaba laya'lamoona annahul haqqu mir Rabbihim; wa mal laahu bighaafilin 'ammaa ya'maloon,Qad nara taqalluba wajhika fee assama-ifalanuwalliyannaka qiblatan tardaha fawalli wajhakashatra almasjidi alharami wahaythu makuntum fawalloo wujoohakum shatrahu wa-inna allatheenaootoo alkitaba layaAAlamoona annahu alhaqqu minrabbihim wama Allahu bighafilin AAammayaAAmaloon,قَدْ نَرَىٰ تَقَلُّبَ وَجْهِكَ فِى ٱلسَّمَآءِ ۖ فَلَنُوَلِّيَنَّكَ قِبْلَةًۭ تَرْضَىٰهَا ۚ فَوَلِّ وَجْهَكَ شَطْرَ ٱلْمَسْجِدِ ٱلْحَرَامِ ۚ وَحَيْثُ مَا كُنتُمْ فَوَلُّوا۟ وُجُوهَكُمْ شَطْرَهُۥ ۗ وَإِنَّ ٱلَّذِينَ أُوتُوا۟ ٱلْكِتَٰبَ لَيَعْلَمُونَ أَنَّهُ ٱلْحَقُّ مِن رَّبِّهِمْ ۗ وَمَا ٱللَّهُ بِغَٰفِلٍ عَمَّا يَعْمَلُونَ,0.2967,0.1858,0.3009,0.3009,REAL_ERROR
2,145,Wala-in atayta alladhīna ūtū l-kitāba bikulli āyatim-mā tabiʿū qib'lataka wamā anta bitābiʿin qib'latahum wamā baʿḍuhum bitābiʿin qib'lata baʿḍiw-wala-ini ittabaʿta ahwāahum min baʿdi mā jāaka mina l-ʿil'mi innaka idhal-lamina ẓ-ẓālimīn,Wa la'in ataital lazeena ootul kitaaba bikulli aayatim maa tabi'oo Qiblatak; wa maaa anta bitaabi'in Qiblatahum; wa maa ba'duhum bitaabi''in Qiblata ba'd; wa la'init taba'ta ahwaaa;ahum mim ba'di maa jaaa'aka minal 'ilmi innaka izal laminaz zaalimeen,Wala-in atayta allatheena ootooalkitaba bikulli ayatin ma tabiAAooqiblataka wama anta bitabiAAin qiblatahum wamabaAAduhum bitabiAAin qiblata baAAdinwala-ini ittabaAAta ahwaahum min baAAdi ma jaakamina alAAilmi innaka ithan lamina aththalimeen,وَلَئِنْ أَتَيْتَ ٱلَّذِينَ أُوتُوا۟ ٱلْكِتَٰبَ بِكُلِّ ءَايَةٍۢ مَّا تَبِعُوا۟ قِبْلَتَكَ ۚ وَمَآ أَنتَ بِتَابِعٍۢ قِبْلَتَهُمْ ۚ وَمَا بَعْضُهُم بِتَابِعٍۢ قِبْلَةَ بَعْضٍۢ ۚ وَلَئِنِ ٱتَّبَعْتَ أَهْوَآءَهُم مِّنۢ بَعْدِ مَا جَآءَكَ مِنَ ٱلْعِلْمِ ۙ إِنَّكَ إِذًۭا لَّمِنَ ٱلظَّٰلِمِينَ,0.1506,0.1083,0.1509,0.1509,REAL_ERROR
2,150,Wamin ḥaythu kharajta fawalli wajhaka shaṭra l-masjidi l-ḥarāmi waḥaythu mā kuntum fawallū wujūhakum shaṭrahu li-allā yakūna lilnnāsi ʿalaykum ḥujjatun illā alladhīna ẓalamū min'hum falā takhshawhum wa-ikh'shawnī wali-utimma niʿ'matī ʿalaykum walaʿallakum tahtadūn,Wa min haisu kharajta fawalli wajhaka shatral Masjidil Haraam; wa haisu maa kuntum fawalloo wujoohakum shatrahoo li'allaa yakoona linnaasi 'alaikum hujjatun illal lazeena zalamoo minhum falaa takhshawhum wakhshawnee wa liutimma ni'matee 'alaikum wa la'allakum tahtadoon,Wamin haythu kharajta fawalliwajhaka shatra almasjidi alharami wahaythuma kuntum fawalloo wujoohakum shatrahu li-allayakoona linnasi AAalaykum hujjatun illaallatheena thalamoo minhum falatakhshawhum wakhshawnee wali-otimma niAAmatee AAalaykumwalaAAallakum tahtadoon,وَمِنْ حَيْثُ خَرَجْتَ فَوَلِّ وَجْهَكَ شَطْرَ ٱلْمَسْجِدِ ٱلْحَرَامِ ۚ وَحَيْثُ مَا كُنتُمْ فَوَلُّوا۟ وُجُوهَكُمْ شَطْرَهُۥ لِئَلَّا يَكُونَ لِلنَّاسِ عَلَيْكُمْ حُجَّةٌ إِلَّا ٱلَّذِينَ ظَلَمُوا۟ مِنْهُمْ فَلَا تَخْشَوْهُمْ وَٱخْشَوْنِى وَلِأُتِمَّ نِعْمَتِى عَلَيْكُمْ وَلَعَلَّكُمْ تَهْتَدُونَ,0.2079,0.0266,0.2091,0.2091,REAL_ERROR
2,164,Inna fī khalqi s-samāwāti wal-arḍi wa-ikh'tilāfi al-layli wal-nahāri wal-ful'ki allatī tajrī fī l-baḥri bimā yanfaʿu n-nāsa wamā anzala l-lahu mina s-samāi mim-māin fa-aḥyā bihi l-arḍa baʿda mawtihā wabatha fīhā min kulli dābbatiw-wataṣrīfi r-riyāḥi wal-saḥābi l-musakhari bayna s-samāi wal-arḍi laāyātil-liqawmin yaʿqilūn,Inna fee khalqis samaawaati wal ardi wakhtilaafil laili wannahaari walfulkil latee tajree fil hahri bimaa yanfa'unnaasa wa maaa anzalal laahu minas samaaa'i mim maaa'in fa ahyaa bihil arda ba'da mawtihaa wa bas sa feehaa min kulli daaabbatinw wa tasreefir riyaahi wassahaabil musakhkhari bainas samaaa'i wal ardi la aayaatil liqawminy ya'qiloon,Inna fee khalqi assamawatiwal-ardi wakhtilafi allayli wannahariwalfulki allatee tajree fee albahri bimayanfaAAu annasa wama anzala Allahumina assama-i min ma-in faahyabihi al-arda baAAda mawtiha wabaththa feehamin kulli dabbatin watasreefi arriyahiwassahabi almusakhkhari bayna assama-iwal-ardi laayatin liqawminyaAAqiloon,إِنَّ فِى خَلْقِ ٱلسَّمَٰوَٰتِ وَٱلْأَرْضِ وَٱخْتِلَٰفِ ٱلَّيْلِ وَٱلنَّهَارِ وَٱلْفُلْكِ ٱلَّتِى تَجْرِى فِى ٱلْبَحْرِ بِمَا يَنفَعُ ٱلنَّاسَ وَمَآ أَنزَلَ ٱللَّهُ مِنَ ٱلسَّمَآءِ مِن مَّآءٍۢ فَأَحْيَا بِهِ ٱلْأَرْضَ بَعْدَ مَوْتِهَا وَبَثَّ فِيهَا مِن كُلِّ دَآبَّةٍۢ وَتَصْرِيفِ ٱلرِّيَٰحِ وَٱلسَّحَابِ ٱلْمُسَخَّرِ بَيْنَ ٱلسَّمَآءِ وَٱلْأَرْضِ لَءَايَٰتٍۢ لِّقَوْمٍۢ يَعْقِلُونَ,0.1491,0.1381,0.1491,0.1491,REAL_ERROR
2,165,Wamina n-nāsi may-yattakhidhu min dūni l-lahi andāday-yuḥibbūnahum kaḥubbi l-lahi wa-alladhīna āmanū ashaddu ḥubbal-lillahi walaw yarā alladhīna ẓalamū idh yarawna l-ʿadhāba anna l-quwata lillahi jamīʿaw-wa-anna l-laha shadīdu l-ʿadhāb,Wa minan naasi mai yattakhizu min doonil laahi andaadai yuhibboonahum kahubbil laahi wallazeena aamanooo ashaddu hubbal lillah; wa law yaral lazeena zalamoo iz yarawnal 'azaaba annal quwwata lillaahi jamee'anw wa annallaaha shadeedul 'azaab,Wamina annasi man yattakhithumin dooni Allahi andadan yuhibboonahum kahubbiAllahi wallatheena amanoo ashaddu hubbanlillahi walaw yara allatheena thalamooith yarawna alAAathaba anna alquwwata lillahijameeAAan waanna Allaha shadeedu alAAathab,وَمِنَ ٱلنَّاسِ مَن يَتَّخِذُ مِن دُونِ ٱللَّهِ أَندَادًۭا يُحِبُّونَهُمْ كَحُبِّ ٱللَّهِ ۖ وَٱلَّذِينَ ءَامَنُوٓا۟ أَشَدُّ حُبًّۭا لِّلَّهِ ۗ وَلَوْ يَرَى ٱلَّذِينَ ظَلَمُوٓا۟ إِذْ يَرَوْنَ ٱلْعَذَابَ أَنَّ ٱلْقُوَّةَ لِلَّهِ جَمِيعًۭا وَأَنَّ ٱللَّهَ شَدِيدُ ٱلْعَذَابِ,0.4126,0.4085,0.4144,0.4144,REAL_ERROR
2,174,Inna alladhīna yaktumūna mā anzala l-lahu mina l-kitābi wayashtarūna bihi thamanan qalīlan ulāika mā yakulūna fī buṭūnihim illā n-nāra walā yukallimuhumu l-lahu yawma l-qiyāmati walā yuzakkīhim walahum ʿadhābun alīmun,Innal lazeena yaktumoona maaa anzalal laahu minal kitaabi wa yashtaroona bihee samanan qaleelan ulaaa'ika maa yaakuloona fee butoonihim illan Naara wa laa yukallimu humul laahu Yawmal Qiyaamati wa laa yuzakkeehim wa lahum 'azaabun aleem,Inna allatheena yaktumoona maanzala Allahu mina alkitabi wayashtaroona bihithamanan qaleelan ola-ika ma ya/kuloona fee butoonihimilla annara wala yukallimuhumu Allahuyawma alqiyamati wala yuzakkeehim walahum AAathabunaleem,إِنَّ ٱلَّذِينَ يَكْتُمُونَ مَآ أَنزَلَ ٱللَّهُ مِنَ ٱلْكِتَٰبِ وَيَشْتَرُونَ بِهِۦ ثَمَنًۭا قَلِيلًا ۙ أُو۟لَٰٓئِكَ مَا يَأْكُلُونَ فِى بُطُونِهِمْ إِلَّا ٱلنَّارَ وَلَا يُكَلِّمُهُمُ ٱللَّهُ يَوْمَ ٱلْقِيَٰمَةِ وَلَا يُزَكِّيهِمْ وَلَهُمْ عَذَابٌ أَلِيمٌ,0.4191,0.1641,0.4201,0.4201,REAL_ERROR
2,177,Laysa l-bira an tuwallū wujūhakum qibala l-mashriqi wal-maghribi walākinna l-bira man āmana bil-lahi wal-yawmi l-ākhiri wal-malāikati wal-kitābi wal-nabiyīna waātā l-māla ʿalā ḥubbihi dhawī l-qur'bā wal-yatāmā wal-masākīna wa-ib'na s-sabīli wal-sāilīna wafī r-riqābi wa-aqāma ṣ-ṣalata waātā z-zakata wal-mūfūna biʿahdihim idhā ʿāhadū wal-ṣābirīna fī l-basāi wal-ḍarāi waḥīna l-basi ulāika alladhīna ṣadaqū wa-ulāika humu l-mutaqūn,Laisal birra an tuwalloo wujoohakum qibalal mashriqi walmaghribi wa laakinnal birra man aamana billaahi wal yawmil aakhiri wal malaaa 'ikati wal kitaabi wan nabiyyeena wa aatalmaala 'alaa hubbihee zawilqurbaa walyataa maa walmasaakeena wabnas sabeeli wassaaa'ileena wa firriqaabi wa aqaamas salaata wa aataz zakaata walmoofoona bi ahdihim izaa 'aahadoo wasaabireena fil baasaaa'i waddarraaa'i wa heenal baas; ulaaa'ikal lazeena sadaqoo wa ulaaa 'ika humul muttaqoon,Laysa albirra an tuwalloo wujoohakum qibalaalmashriqi walmaghribi walakinna albirra man amanabillahi walyawmi al-akhiri walmala-ikatiwalkitabi wannabiyyeena waataalmala AAala hubbihi thawee alqurbawalyatama walmasakeena wabnaalssabeeli wassa-ileena wafee arriqabiwaaqama assalata waataazzakata walmoofoona biAAahdihim ithaAAahadoo wassabireena fee alba/sa-iwaddarra-i waheena alba/si ola-ikaallatheena sadaqoo waola-ika humualmuttaqoon,۞ لَّيْسَ ٱلْبِرَّ أَن تُوَلُّوا۟ وُجُوهَكُمْ قِبَلَ ٱلْمَشْرِقِ وَٱلْمَغْرِبِ وَلَٰكِنَّ ٱلْبِرَّ مَنْ ءَامَنَ بِٱللَّهِ وَٱلْيَوْمِ ٱلْءَاخِرِ وَٱلْمَلَٰٓئِكَةِ وَٱلْكِتَٰبِ وَٱلنَّبِيِّۦنَ وَءَاتَى ٱلْمَالَ عَلَىٰ حُبِّهِۦ ذَوِى ٱلْقُرْبَىٰ وَٱلْيَتَٰمَىٰ وَٱلْمَسَٰكِينَ وَٱبْنَ ٱلسَّبِيلِ وَٱلسَّآئِلِينَ وَفِى ٱلرِّقَابِ وَأَقَامَ ٱلصَّلَوٰةَ وَءَاتَى ٱلزَّكَوٰةَ وَٱلْمُوفُونَ بِعَهْدِهِمْ إِذَا عَٰهَدُوا۟ ۖ وَٱلصَّٰبِرِينَ فِى ٱلْبَأْسَآءِ وَٱلضَّرَّآءِ وَحِينَ ٱلْبَأْسِ ۗ أُو۟لَٰٓئِكَ ٱلَّذِينَ صَدَقُوا۟ ۖ وَأُو۟لَٰٓئِكَ هُمُ ٱلْمُتَّقُونَ,0.1064,0.0225,0.1066,0.1066,REAL_ERROR
2,178,Yāayyuhā alladhīna āmanū kutiba ʿalaykumu l-qiṣāṣu fī l-qatlā l-ḥuru bil-ḥuri wal-ʿabdu bil-ʿabdi wal-unthā bil-unthā faman ʿufiya lahu min akhīhi shayon fa-ittibāʿun bil-maʿrūfi wa-adāon ilayhi bi-iḥ'sānin dhālika takhfīfum-min rabbikum waraḥmatun famani iʿ'tadā baʿda dhālika falahu ʿadhābun alīmun,Yaaa ayyuhal lazeena aamanoo kutiba alaikumul qisaasu fil qatlaa alhurru bilhurri wal'abdu bil'abdi wal unsaa bil unsaa; faman 'ufiya lahoo min akheehi shai'un fattibaa'um bilma'roofi wa adaaa'un ilaihi bi ihsaan; zaalika takhfeefum mir rahbikum wa rahmah; famani' tadaa ba'da zaalika falahoo 'azaabun aleem,Ya ayyuha allatheena amanookutiba AAalaykumu alqisasu fee alqatla alhurrubilhurri walAAabdu bilAAabdi walonthabilontha faman AAufiya lahu min akheehi shay-on fattibaAAunbilmaAAroofi waadaon ilayhi bi-ihsaninthalika takhfeefun min rabbikum warahmatun famaniiAAtada baAAda thalika falahu AAathabunaleem,يَٰٓأَيُّهَا ٱلَّذِينَ ءَامَنُوا۟ كُتِبَ عَلَيْكُمُ ٱلْقِصَاصُ فِى ٱلْقَتْلَى ۖ ٱلْحُرُّ بِٱلْحُرِّ وَٱلْعَبْدُ بِٱلْعَبْدِ وَٱلْأُنثَىٰ بِٱلْأُنثَىٰ ۚ فَمَنْ عُفِىَ لَهُۥ مِنْ أَخِيهِ شَىْءٌۭ فَٱتِّبَاعٌۢ بِٱلْمَعْرُوفِ وَأَدَآءٌ إِلَيْهِ بِإِحْسَٰنٍۢ ۗ ذَٰلِكَ تَخْفِيفٌۭ مِّن رَّبِّكُمْ وَرَحْمَةٌۭ ۗ فَمَنِ ٱعْتَدَىٰ بَعْدَ ذَٰلِكَ فَلَهُۥ عَذَابٌ أَلِيمٌۭ,0.26,0.0538,0.2626,0.2626,REAL_ERROR
2,184,Ayyāmam-maʿdūdātin faman kāna minkum marīḍan aw ʿalā safarin faʿiddatum-min ayyāmin ukhara waʿalā alladhīna yuṭīqūnahu fid'yatun ṭaʿāmu mis'kīnin faman taṭawwaʿa khayran fahuwa khayrul-lahu wa-an taṣūmū khayrul-lakum in kuntum taʿlamūn,Ayyaamam ma'doodaat; faman kaana minkum mareedan aw'alaa safarin fa'iddatum min ayyaamin ukhar; wa 'alal lazeena yuteeqoonahoo fidyatun ta'aamu miskeenin faman tatawwa'a khairan fahuwa khairulo lahoo wa an tasoomoo khairul lakum in kuntum ta'lamoon,Ayyaman maAAdoodatin faman kanaminkum mareedan aw AAala safarin faAAiddatun minayyamin okhara waAAala allatheena yuteeqoonahufidyatun taAAamu miskeenin faman tatawwaAAakhayran fahuwa khayrun lahu waan tasoomoo khayrun lakum inkuntum taAAlamoon,أَيَّامًۭا مَّعْدُودَٰتٍۢ ۚ فَمَن كَانَ مِنكُم مَّرِيضًا أَوْ عَلَىٰ سَفَرٍۢ فَعِدَّةٌۭ مِّنْ أَيَّامٍ أُخَرَ ۚ وَعَلَى ٱلَّذِينَ يُطِيقُونَهُۥ فِدْيَةٌۭ طَعَامُ مِسْكِينٍۢ ۖ فَمَن تَطَوَّعَ خَيْرًۭا فَهُوَ خَيْرٌۭ لَّهُۥ ۚ وَأَن تَصُومُوا۟ خَيْرٌۭ لَّكُمْ ۖ إِن كُنتُمْ تَعْلَمُونَ,0.1423,0.2129,0.1426,0.2129,REAL_ERROR
2,185,Shahru ramaḍāna alladhī unzila fīhi l-qur'ānu hudal-lilnnāsi wabayyinātim-mina l-hudā wal-fur'qāni faman shahida minkumu sh-shahra falyaṣum'hu waman kāna marīḍan aw ʿalā safarin faʿiddatum-min ayyāmin ukhara yurīdu l-lahu bikumu l-yus'ra walā yurīdu bikumu l-ʿus'ra walituk'milū l-ʿidata walitukabbirū l-laha ʿalā mā hadākum walaʿallakum tashkurūn,Shahru Ramadaanallazeee unzila feehil Qur'aanu hudal linnaasi wa baiyinaatim minal hudaa wal furqaan; faman shahida minkumush shahra falyasumhu wa man kaana mareedan aw 'alaa safarin fa'iddatum min ayyaamin ukhar; yureedul laahu bikumul yusra wa laa yureedu bikumul 'usra wa litukmilul 'iddata wa litukabbirul laaha 'alaa maa hadaakum wa la'allakum tashkuroon,Shahru ramadana allatheeonzila feehi alqur-anu hudan linnasiwabayyinatin mina alhuda walfurqanifaman shahida minkumu ashshahra falyasumhu waman kanamareedan aw AAala safarin faAAiddatun min ayyaminokhara yureedu Allahu bikumu alyusra wala yureedubikumu alAAusra walitukmiloo alAAiddata walitukabbiroo AllahaAAala ma hadakum walaAAallakum tashkuroon,شَهْرُ رَمَضَانَ ٱلَّذِىٓ أُنزِلَ فِيهِ ٱلْقُرْءَانُ هُدًۭى لِّلنَّاسِ وَبَيِّنَٰتٍۢ مِّنَ ٱلْهُدَىٰ وَٱلْفُرْقَانِ ۚ فَمَن شَهِدَ مِنكُمُ ٱلشَّهْرَ فَلْيَصُمْهُ ۖ وَمَن كَانَ مَرِيضًا أَوْ عَلَىٰ سَفَرٍۢ فَعِدَّةٌۭ مِّنْ أَيَّامٍ أُخَرَ ۗ يُرِيدُ ٱللَّهُ بِكُمُ ٱلْيُسْرَ وَلَا يُرِيدُ بِكُمُ ٱلْعُسْرَ وَلِتُكْمِلُوا۟ ٱلْعِدَّةَ وَلِتُكَبِّرُوا۟ ٱللَّهَ عَلَىٰ مَا هَدَىٰكُمْ وَلَعَلَّكُمْ تَشْكُرُونَ,0.1237,0.0661,0.1245,0.1245,REAL_ERROR
2,187,Uḥilla lakum laylata ṣ-ṣiyāmi r-rafathu ilā nisāikum hunna libāsul-lakum wa-antum libāsul-lahunna ʿalima l-lahu annakum kuntum takhtānūna anfusakum fatāba ʿalaykum waʿafā ʿankum fal-āna bāshirūhunna wa-ib'taghū mā kataba l-lahu lakum wakulū wa-ish'rabū ḥattā yatabayyana lakumu l-khayṭu l-abyaḍu mina l-khayṭi l-aswadi mina l-fajri thumma atimmū ṣ-ṣiyāma ilā al-layli walā tubāshirūhunna wa-antum ʿākifūna fī l-masājidi til'ka ḥudūdu l-lahi falā taqrabūhā kadhālika yubayyinu l-lahu āyātihi lilnnāsi laʿallahum yattaqūn,Uhilla lakum laylatas Siyaamir rafasu ilaa nisaaa'ikum; hunna libaasullakum wa antum libaasullahunn; 'alimal laahu annakum kuntum takhtaanoona anfusakum fataaba 'alaikum wa 'afaa 'ankum fal'aana baashiroo hunna wabtaghoo maa katabal laahoo lakum; wa kuloo washraboo hattaa yatabaiyana lakumul khaitul abyadu minal khaitil aswadi minal fajri summa atimmus Siyaama ilal layl; wa laa tubaashiroo hunna wa antum 'aakifoona fil masaajid; tilka hudoodul laahi falaa taqraboohaa; kazaalika yubaiyinul laahu aayaatihee linnaasi la'allahum yattaqoon,Ohilla lakum laylata assiyamiarrafathu ila nisa-ikum hunna libasunlakum waantum libasun lahunna AAalima Allahuannakum kuntum takhtanoona anfusakum fatabaAAalaykum waAAafa AAankum fal-ana bashiroohunnawabtaghoo ma kataba Allahu lakum wakuloo washraboohatta yatabayyana lakumu alkhaytu al-abyadumina alkhayti al-aswadi mina alfajri thumma atimmoo assiyamaila allayli wala tubashiroohunna waantum AAakifoonafee almasajidi tilka hudoodu Allahi falataqrabooha kathalika yubayyinu Allahu ayatihilinnasi laAAallahum yattaqoon,أُحِلَّ لَكُمْ لَيْلَةَ ٱلصِّيَامِ ٱلرَّفَثُ إِلَىٰ نِسَآئِكُمْ ۚ هُنَّ لِبَاسٌۭ لَّكُمْ وَأَنتُمْ لِبَاسٌۭ لَّهُنَّ ۗ عَلِمَ ٱللَّهُ أَنَّكُمْ كُنتُمْ تَخْتَانُونَ أَنفُسَكُمْ فَتَابَ عَلَيْكُمْ وَعَفَا عَنكُمْ ۖ فَٱلْـَٰٔنَ بَٰشِرُوهُنَّ وَٱبْتَغُوا۟ مَا كَتَبَ ٱللَّهُ لَكُمْ ۚ وَكُلُوا۟ وَٱشْرَبُوا۟ حَتَّىٰ يَتَبَيَّنَ لَكُمُ ٱلْخَيْطُ ٱلْأَبْيَضُ مِنَ ٱلْخَيْطِ ٱلْأَسْوَدِ مِنَ ٱلْفَجْرِ ۖ ثُمَّ أَتِمُّوا۟ ٱلصِّيَامَ إِلَى ٱلَّيْلِ ۚ وَلَا تُبَٰشِرُوهُنَّ وَأَنتُمْ عَٰكِفُونَ فِى ٱلْمَسَٰجِدِ ۗ تِلْكَ حُدُودُ ٱللَّهِ فَلَا تَقْرَبُوهَا ۗ كَذَٰلِكَ يُبَيِّنُ ٱللَّهُ ءَايَٰتِهِۦ لِلنَّاسِ لَعَلَّهُمْ يَتَّقُونَ,0.1756,0.1897,0.1646,0.1897,REAL_ERROR
2,189,Yasalūnaka ʿani l-ahilati qul hiya mawāqītu lilnnāsi wal-ḥaji walaysa l-biru bi-an tatū l-buyūta min ẓuhūrihā walākinna l-bira mani ittaqā watū l-buyūta min abwābihā wa-ittaqū l-laha laʿallakum tuf'liḥūn,Yas'aloonaka 'anil ahillati qul hiya mawaaqeetu linnaasi wal Hajj; wa laisal birru bi an taatul buyoota min zuhoorihaa wa laakinnal birra manit taqaa; waatul buyoota min abwaa bihaa; wattaqullaaha la'allakum tuflihoon,Yas-aloonaka AAani al-ahillati qul hiya mawaqeetulinnasi walhajji walaysa albirrubi-an ta/too albuyoota min thuhooriha walakinnaalbirra mani ittaqa wa/too albuyoota min abwabihawattaqoo Allaha laAAallakum tuflihoon,۞ يَسْـَٔلُونَكَ عَنِ ٱلْأَهِلَّةِ ۖ قُلْ هِىَ مَوَٰقِيتُ لِلنَّاسِ وَٱلْحَجِّ ۗ وَلَيْسَ ٱلْبِرُّ بِأَن تَأْتُوا۟ ٱلْبُيُوتَ مِن ظُهُورِهَا وَلَٰكِنَّ ٱلْبِرَّ مَنِ ٱتَّقَىٰ ۗ وَأْتُوا۟ ٱلْبُيُوتَ مِنْ أَبْوَٰبِهَا ۚ وَٱتَّقُوا۟ ٱللَّهَ لَعَلَّكُمْ تُفْلِحُونَ,0.2638,0.2795,0.2692,0.2795,REAL_ERROR
2,191,Wa-uq'tulūhum ḥaythu thaqif'tumūhum wa-akhrijūhum min ḥaythu akhrajūkum wal-fit'natu ashaddu mina l-qatli walā tuqātilūhum ʿinda l-masjidi l-ḥarāmi ḥattā yuqātilūkum fīhi fa-in qātalūkum fa-uq'tulūhum kadhālika jazāu l-kāfirīn,Waqtuloohum haisu saqif tumoohum wa akhrijoohum min haisu akhrajookum; walfitnatu ashaddu minal qatl; wa laa tuqaatiloohum 'indal Majidil Haraami hattaa yaqaatilookum feehi fa in qaatalookum faqtuloohum; kazaalika jazaaa'ul kaafireen,Waqtuloohum haythuthaqiftumoohum waakhrijoohum min haythu akhrajookum walfitnatuashaddu mina alqatli wala tuqatiloohum AAindaalmasjidi alharami hatta yuqatilookumfeehi fa-in qatalookum faqtuloohum kathalikajazao alkafireen,وَٱقْتُلُوهُمْ حَيْثُ ثَقِفْتُمُوهُمْ وَأَخْرِجُوهُم مِّنْ حَيْثُ أَخْرَجُوكُمْ ۚ وَٱلْفِتْنَةُ أَشَدُّ مِنَ ٱلْقَتْلِ ۚ وَلَا تُقَٰتِلُوهُمْ عِندَ ٱلْمَسْجِدِ ٱلْحَرَامِ حَتَّىٰ يُقَٰتِلُوكُمْ فِيهِ ۖ فَإِن قَٰتَلُوكُمْ فَٱقْتُلُوهُمْ ۗ كَذَٰلِكَ جَزَآءُ ٱلْكَٰفِرِينَ,0.3482,0.0264,0.349,0.349,REAL_ERROR
2,196,Wa-atimmū l-ḥaja wal-ʿum'rata lillahi fa-in uḥ'ṣir'tum famā is'taysara mina l-hadyi walā taḥliqū ruūsakum ḥattā yablugha l-hadyu maḥillahu faman kāna minkum marīḍan aw bihi adham-min rasihi fafid'yatum-min ṣiyāmin aw ṣadaqatin aw nusukin fa-idhā amintum faman tamattaʿa bil-ʿum'rati ilā l-ḥaji famā is'taysara mina l-hadyi famal-lam yajid faṣiyāmu thalāthati ayyāmin fī l-ḥaji wasabʿatin idhā rajaʿtum til'ka ʿasharatun kāmilatun dhālika limal-lam yakun ahluhu ḥāḍirī l-masjidi l-ḥarāmi wa-ittaqū l-laha wa-iʿ'lamū anna l-laha shadīdu l-ʿiqāb,Wa atimmul Hajja wal Umarata lillaah; fain uhsirtum famas taisara minal hadyi walaa tahliqoo ru'oosakum hatta yablughal hadyu mahillah; faman kaana minkum mareedan aw biheee azam mir raasihee fafidyatum min Siyaamin aw sadaqatin aw nusuk; fa izaaa amintum faman tamatta'a bil 'Umrati ilal Hajji famastaisara minal hady; famal lam yajid fa Siyaamu salaasti ayyaamin fil Hajji wa sab'atin izaa raja'tum; tilka 'asharatun kaamilah; zaalika limal lam yakun ahluhoo haadiril Masjidil Haraam; wattaqul laaha wa'lamoo annal laaha shadeedul'iqaab,Waatimmoo alhajja walAAumratalillahi fa-in ohsirtum fama istaysara minaalhadyi wala tahliqoo ruoosakum hattayablugha alhadyu mahillahu faman kana minkum mareedanaw bihi athan min ra/sihi fafidyatun min siyaminaw sadaqatin aw nusukin fa-itha amintum famantamattaAAa bilAAumrati ila alhajji famaistaysara mina alhadyi faman lam yajid fasiyamuthalathati ayyamin fee alhajji wasabAAatin itharajaAAtum tilka AAasharatun kamilatun thalika limanlam yakun ahluhu hadiree almasjidi alharamiwattaqoo Allaha waAAlamoo anna Allahashadeedu alAAiqab,وَأَتِمُّوا۟ ٱلْحَجَّ وَٱلْعُمْرَةَ لِلَّهِ ۚ فَإِنْ أُحْصِرْتُمْ فَمَا ٱسْتَيْسَرَ مِنَ ٱلْهَدْىِ ۖ وَلَا تَحْلِقُوا۟ رُءُوسَكُمْ حَتَّىٰ يَبْلُغَ ٱلْهَدْىُ مَحِلَّهُۥ ۚ فَمَن كَانَ مِنكُم مَّرِيضًا أَوْ بِهِۦٓ أَذًۭى مِّن رَّأْسِهِۦ فَفِدْيَةٌۭ مِّن صِيَامٍ أَوْ صَدَقَةٍ أَوْ نُسُكٍۢ ۚ فَإِذَآ أَمِنتُمْ فَمَن تَمَتَّعَ بِٱلْعُمْرَةِ إِلَى ٱلْحَجِّ فَمَا ٱسْتَيْسَرَ مِنَ ٱلْهَدْىِ ۚ فَمَن لَّمْ يَجِدْ فَصِيَامُ ثَلَٰثَةِ أَيَّامٍۢ فِى ٱلْحَجِّ وَسَبْعَةٍ إِذَا رَجَعْتُمْ ۗ تِلْكَ عَشَرَةٌۭ كَامِلَةٌۭ ۗ ذَٰلِكَ لِمَن لَّمْ يَكُنْ أَهْلُهُۥ حَاضِرِى ٱلْمَسْجِدِ ٱلْحَرَامِ ۚ وَٱتَّقُوا۟ ٱللَّهَ وَٱعْلَمُوٓا۟ أَنَّ ٱللَّهَ شَدِيدُ ٱلْعِقَابِ,0.1699,0.2364,0.1604,0.2364,REAL_ERROR
2,197,Al-ḥaju ashhurum-maʿlūmātun faman faraḍa fīhinna l-ḥaja falā rafatha walā fusūqa walā jidāla fī l-ḥaji wamā tafʿalū min khayriy-yaʿlamhu l-lahu watazawwadū fa-inna khayra z-zādi t-taqwā wa-ittaqūni yāulī l-albāb,Al-Hajju ashhurum ma'-loomaat; faman farada feeinnal hajja falaa rafasa wa laa fusooqa wa laa jidaala fil Hajj; wa maa taf'aloo min khairiny ya'lamhul laah; wa tazawwadoo fa inna khairaz zaadit taqwaa; wattaqooni yaaa ulil albaab,Alhajju ashhurun maAAloomatunfaman farada feehinna alhajja fala rafathawala fusooqa wala jidala fee alhajjiwama tafAAaloo min khayrin yaAAlamhu Allahuwatazawwadoo fa-inna khayra azzadi attaqwawattaqooni ya olee al-albab,ٱلْحَجُّ أَشْهُرٌۭ مَّعْلُومَٰتٌۭ ۚ فَمَن فَرَضَ فِيهِنَّ ٱلْحَجَّ فَلَا رَفَثَ وَلَا فُسُوقَ وَلَا جِدَالَ فِى ٱلْحَجِّ ۗ وَمَا تَفْعَلُوا۟ مِنْ خَيْرٍۢ يَعْلَمْهُ ٱللَّهُ ۗ وَتَزَوَّدُوا۟ فَإِنَّ خَيْرَ ٱلزَّادِ ٱلتَّقْوَىٰ ۚ وَٱتَّقُونِ يَٰٓأُو۟لِى ٱلْأَلْبَٰبِ,0.4419,0.2161,0.4419,0.4419,REAL_ERROR
2,213,Kāna n-nāsu ummataw-wāḥidatan fabaʿatha l-lahu n-nabiyīna mubashirīna wamundhirīna wa-anzala maʿahumu l-kitāba bil-ḥaqi liyaḥkuma bayna n-nāsi fīmā ikh'talafū fīhi wamā ikh'talafa fīhi illā alladhīna ūtūhu min baʿdi mā jāathumu l-bayinātu baghyan baynahum fahadā l-lahu alladhīna āmanū limā ikh'talafū fīhi mina l-ḥaqi bi-idh'nihi wal-lahu yahdī may-yashāu ilā ṣirāṭim-mus'taqīmin,Kaanan naasu ummatanw waahidatan fab'asal laahun Nabiyyeena mubashshireena wa munzireena wa anzala ma'ahumul kitaaba bilhaqqi liyahkuma bainan naasi feemakh talafoo feeh; wa makh talafa feehi 'illallazeena ootoohu mim ba'di maa jaaa'athumul baiyinaatu baghyam bainahm fahadal laahul lazeena aamanoo limakh talafoo feehi minal haqqi bi iznih; wallaahu yahdee mai yashaaa'u ilaa Siraatim Mustaqeem,Kana annasu ommatan wahidatanfabaAAatha Allahu annabiyyeena mubashshireenawamunthireena waanzala maAAahumu alkitaba bilhaqqiliyahkuma bayna annasi feemaikhtalafoo feehi wama ikhtalafa feehi illa allatheenaootoohu min baAAdi ma jaat-humu albayyinatubaghyan baynahum fahada Allahu allatheena amanoolima ikhtalafoo feehi mina alhaqqi bi-ithnihiwallahu yahdee man yashao ila siratinmustaqeem,كَانَ ٱلنَّاسُ أُمَّةًۭ وَٰحِدَةًۭ فَبَعَثَ ٱللَّهُ ٱلنَّبِيِّۦنَ مُبَشِّرِينَ وَمُنذِرِينَ وَأَنزَلَ مَعَهُمُ ٱلْكِتَٰبَ بِٱلْحَقِّ لِيَحْكُمَ بَيْنَ ٱلنَّاسِ فِيمَا ٱخْتَلَفُوا۟ فِيهِ ۚ وَمَا ٱخْتَلَفَ فِيهِ إِلَّا ٱلَّذِينَ أُوتُوهُ مِنۢ بَعْدِ مَا جَآءَتْهُمُ ٱلْبَيِّنَٰتُ بَغْيًۢا بَيْنَهُمْ ۖ فَهَدَى ٱللَّهُ ٱلَّذِينَ ءَامَنُوا۟ لِمَا ٱخْتَلَفُوا۟ فِيهِ مِنَ ٱلْحَقِّ بِإِذْنِهِۦ ۗ وَٱللَّهُ يَهْدِى مَن يَشَآءُ إِلَىٰ صِرَٰطٍۢ مُّسْتَقِيمٍ,0.0574,0.0544,0.0574,0.0574,REAL_ERROR
2,214,Am ḥasib'tum an tadkhulū l-janata walammā yatikum mathalu alladhīna khalaw min qablikum massathumu l-basāu wal-ḍarāu wazul'zilū ḥattā yaqūla r-rasūlu wa-alladhīna āmanū maʿahu matā naṣru l-lahi alā inna naṣra l-lahi qarībun,Am hasibtum an tadkhulul jannata wa lammaa yaa-tikum masalul lazeena khalaw min qablikum massathumul baasaaa'u waddarraaaa'u wa zulziloo hattaa yaqoolar Rasoolu wallazeena aamanoo ma'ahoo mataa nasrul laah; alaaa inna nasral laahiqareeb,Am hasibtum an tadkhuloo aljannatawalamma ya/tikum mathalu allatheena khalaw minqablikum massat-humu alba/sao waddarraowazulziloo hatta yaqoola arrasoolu wallatheenaamanoo maAAahu mata nasru Allahi alainna nasra Allahi qareeb,أَمْ حَسِبْتُمْ أَن تَدْخُلُوا۟ ٱلْجَنَّةَ وَلَمَّا يَأْتِكُم مَّثَلُ ٱلَّذِينَ خَلَوْا۟ مِن قَبْلِكُم ۖ مَّسَّتْهُمُ ٱلْبَأْسَآءُ وَٱلضَّرَّآءُ وَزُلْزِلُوا۟ حَتَّىٰ يَقُولَ ٱلرَّسُولُ وَٱلَّذِينَ ءَامَنُوا۟ مَعَهُۥ مَتَىٰ نَصْرُ ٱللَّهِ ۗ أَلَآ إِنَّ نَصْرَ ٱللَّهِ قَرِيبٌۭ,0.1741,0.1572,0.1741,0.1741,REAL_ERROR
2,217,Yasalūnaka ʿani sh-shahri l-ḥarāmi qitālin fīhi qul qitālun fīhi kabīruw-waṣaddun ʿan sabīli l-lahi wakuf'run bihi wal-masjidi l-ḥarāmi wa-ikh'rāju ahlihi min'hu akbaru ʿinda l-lahi wal-fit'natu akbaru mina l-qatli walā yazālūna yuqātilūnakum ḥattā yaruddūkum ʿan dīnikum ini is'taṭāʿū wamay-yartadid minkum ʿan dīnihi fayamut wahuwa kāfirun fa-ulāika ḥabiṭat aʿmāluhum fī d-dun'yā wal-ākhirati wa-ulāika aṣḥābu n-nāri hum fīhā khālidūn,Yas'aloonaka 'anish Shahril Haraami qitaalin feehi qul qitaahun feehi kabeerunw wa saddun 'an sabeelil laahi wa kufrum bihee wal Masjidil Haraami wa ikhraaju ahlihee minhu akbaru 'indal laah; walfitnatu akbaru minal qatl; wa laa yazaaloona yuqaatiloonakum hatta yaruddookum 'an deenikum inis tataa'oo; wa mai yartadid minkum 'an deenihee fayamut wahuwa kaafirun fa ulaaa'ika habitat a'maaluhum fid dunyaa wal aakhirati wa ulaaa'ika ashaabun Naari hum feehaa khaalidoon,Yas-aloonaka AAani ashshahri alharamiqitalin feehi qul qitalun feehi kabeerun wasaddunAAan sabeeli Allahi wakufrun bihi walmasjidi alharamiwa-ikhraju ahlihi minhu akbaru AAinda Allahi walfitnatuakbaru mina alqatli wala yazaloona yuqatiloonakumhatta yaruddookum AAan deenikum ini istataAAoowaman yartadid minkum AAan deenihi fayamut wahuwa kafirunfaola-ika habitat aAAmaluhum fee addunyawal-akhirati waola-ika as-habuannari hum feeha khalidoon,يَسْـَٔلُونَكَ عَنِ ٱلشَّهْرِ ٱلْحَرَامِ قِتَالٍۢ فِيهِ ۖ قُلْ قِتَالٌۭ فِيهِ كَبِيرٌۭ ۖ وَصَدٌّ عَن سَبِيلِ ٱللَّهِ وَكُفْرٌۢ بِهِۦ وَٱلْمَسْجِدِ ٱلْحَرَامِ وَإِخْرَاجُ أَهْلِهِۦ مِنْهُ أَكْبَرُ عِندَ ٱللَّهِ ۚ وَٱلْفِتْنَةُ أَكْبَرُ مِنَ ٱلْقَتْلِ ۗ وَلَا يَزَالُونَ يُقَٰتِلُونَكُمْ حَتَّىٰ يَرُدُّوكُمْ عَن دِينِكُمْ إِنِ ٱسْتَطَٰعُوا۟ ۚ وَمَن يَرْتَدِدْ مِنكُمْ عَن دِينِهِۦ فَيَمُتْ وَهُوَ كَافِرٌۭ فَأُو۟لَٰٓئِكَ حَبِطَتْ أَعْمَٰلُهُمْ فِى ٱلدُّنْيَا وَٱلْءَاخِرَةِ ۖ وَأُو۟لَٰٓئِكَ أَصْحَٰبُ ٱلنَّارِ ۖ هُمْ فِيهَا خَٰلِدُونَ,0.1754,0.1392,0.1764,0.1764,REAL_ERROR
2,219,Yasalūnaka ʿani l-khamri wal-maysiri qul fīhimā ith'mun kabīruw-wamanāfiʿu lilnnāsi wa-ith'muhumā akbaru min-nafʿihimā wayasalūnaka mādhā yunfiqūna quli l-ʿafwa kadhālika yubayyinu l-lahu lakumu l-āyāti laʿallakum tatafakkarūn,Yas'aloonaka 'anilkhamri walmaisiri qul feehimaaa ismun kabeerunw wa manaafi'u linnaasi wa ismuhumaa akbaru min naf'ihimaa; wa yas'aloonaka maaza yunfiqoona qulil-'afw; kazaalika yubaiyinul laahu lakumul-aayaati la'allakum tatafakkaroon,Yas-aloonaka AAani alkhamri walmaysiriqul feehima ithmun kabeerun wamanafiAAu linnasiwa-ithmuhuma akbaru min nafAAihima wayas-aloonaka mathayunfiqoona quli alAAafwa kathalika yubayyinu Allahulakumu al-ayati laAAallakum tatafakkaroon,۞ يَسْـَٔلُونَكَ عَنِ ٱلْخَمْرِ وَٱلْمَيْسِرِ ۖ قُلْ فِيهِمَآ إِثْمٌۭ كَبِيرٌۭ وَمَنَٰفِعُ لِلنَّاسِ وَإِثْمُهُمَآ أَكْبَرُ مِن نَّفْعِهِمَا ۗ وَيَسْـَٔلُونَكَ مَاذَا يُنفِقُونَ قُلِ ٱلْعَفْوَ ۗ كَذَٰلِكَ يُبَيِّنُ ٱللَّهُ لَكُمُ ٱلْءَايَٰتِ لَعَلَّكُمْ تَتَفَكَّرُونَ,0.2926,0.0746,0.2939,0.2939,REAL_ERROR
2,220,Fī d-dun'yā wal-ākhirati wayasalūnaka ʿani l-yatāmā qul iṣ'lāḥul-lahum khayruw-wa-in tukhāliṭūhum fa-ikh'wānukum wal-lahu yaʿlamu l-muf'sida mina l-muṣ'liḥi walaw shāa l-lahu la-aʿnatakum inna l-laha ʿazīzun ḥakīmun,"Fid dunyaa wal aakhirah; wa yas'aloonaka 'anil yataamaa qul islaahullahum khayr, wa in tukhaalitoohum fa ikhwaanukum; wallaahu ya'lamul mufsida minalmuslih; wa law shaaa'al laahu la-a'natakum; innal laaha 'Azeezun Hakeem",Fee addunya wal-akhiratiwayas-aloonaka AAani alyatama qul islahunlahum khayrun wa-in tukhalitoohum fa-ikhwanukumwallahu yaAAlamu almufsida mina almuslihiwalaw shaa Allahu laaAAnatakum inna AllahaAAazeezun hakeem,فِى ٱلدُّنْيَا وَٱلْءَاخِرَةِ ۗ وَيَسْـَٔلُونَكَ عَنِ ٱلْيَتَٰمَىٰ ۖ قُلْ إِصْلَاحٌۭ لَّهُمْ خَيْرٌۭ ۖ وَإِن تُخَالِطُوهُمْ فَإِخْوَٰنُكُمْ ۚ وَٱللَّهُ يَعْلَمُ ٱلْمُفْسِدَ مِنَ ٱلْمُصْلِحِ ۚ وَلَوْ شَآءَ ٱللَّهُ لَأَعْنَتَكُمْ ۚ إِنَّ ٱللَّهَ عَزِيزٌ حَكِيمٌۭ,0.3615,0.3239,0.3632,0.3632,REAL_ERROR
2,221,Walā tankiḥū l-mush'rikāti ḥattā yu'minna wala-amatum-mu'minatun khayrum-min mush'rikatiw-walaw aʿjabatkum walā tunkiḥū l-mush'rikīna ḥattā yu'minū walaʿabdum-mu'minun khayrum-min mush'rikiw-walaw aʿjabakum ulāika yadʿūna ilā n-nāri wal-lahu yadʿū ilā l-janati wal-maghfirati bi-idh'nihi wayubayyinu āyātihi lilnnāsi laʿallahum yatadhakkarūn,Wa laatankihul mushrikaati hattaa yu'minn; wa la amatum mu'minatun khairum mim mushrikatinw wa law a'jabatkum; wa laa tunkihul mushrikeena hattaa yu'minoo; wa la'abdummu'minun khairum mimmushrikinw wa law 'ajabakum; ulaaa'ika yad'oona ilan Naari wallaahu yad'ooo ilal Jannati walmaghfirati biiznihee wa yubaiyinu Aayaatihee linnaasi la'allahum yatazakkaroon,Wala tankihoo almushrikatihatta yu/minna walaamatun mu/minatun khayrun minmushrikatin walaw aAAjabatkum wala tunkihooalmushrikeena hatta yu/minoo walaAAabdun mu/minunkhayrun min mushrikin walaw aAAjabakum ola-ika yadAAoonaila annari wallahu yadAAooila aljannati walmaghfirati bi-ithnihiwayubayyinu ayatihi linnasilaAAallahum yatathakkaroon,وَلَا تَنكِحُوا۟ ٱلْمُشْرِكَٰتِ حَتَّىٰ يُؤْمِنَّ ۚ وَلَأَمَةٌۭ مُّؤْمِنَةٌ خَيْرٌۭ مِّن مُّشْرِكَةٍۢ وَلَوْ أَعْجَبَتْكُمْ ۗ وَلَا تُنكِحُوا۟ ٱلْمُشْرِكِينَ حَتَّىٰ يُؤْمِنُوا۟ ۚ وَلَعَبْدٌۭ مُّؤْمِنٌ خَيْرٌۭ مِّن مُّشْرِكٍۢ وَلَوْ أَعْجَبَكُمْ ۗ أُو۟لَٰٓئِكَ يَدْعُونَ إِلَى ٱلنَّارِ ۖ وَٱللَّهُ يَدْعُوٓا۟ إِلَى ٱلْجَنَّةِ وَٱلْمَغْفِرَةِ بِإِذْنِهِۦ ۖ وَيُبَيِّنُ ءَايَٰتِهِۦ لِلنَّاسِ لَعَلَّهُمْ يَتَذَكَّرُونَ,0.2235,0.2078,0.2235,0.2235,REAL_ERROR
2,222,Wayasalūnaka ʿani l-maḥīḍi qul huwa adhan fa-iʿ'tazilū n-nisāa fī l-maḥīḍi walā taqrabūhunna ḥattā yaṭhur'na fa-idhā taṭahharna fatūhunna min ḥaythu amarakumu l-lahu inna l-laha yuḥibbu t-tawābīna wayuḥibbu l-mutaṭahirīn,Wa yas'aloonaka 'anil maheedi qul huwa azan fa'tazilun nisaaa'a fil maheedi wa laa taqraboo hunna hattaa yathurna fa-izaa tathharna faatoohunna min haisu amarakumul laah; innallaaha yuhibbut Tawwaabeena wa yuhibbul mutatahhireen,Wayas-aloonaka AAani almaheediqul huwa athan faAAtaziloo annisaafee almaheedi wala taqraboohunna hattayathurna fa-itha tatahharna fa/toohunna min haythuamarakumu Allahu inna Allaha yuhibbu attawwabeenawayuhibbu almutatahhireen,وَيَسْـَٔلُونَكَ عَنِ ٱلْمَحِيضِ ۖ قُلْ هُوَ أَذًۭى فَٱعْتَزِلُوا۟ ٱلنِّسَآءَ فِى ٱلْمَحِيضِ ۖ وَلَا تَقْرَبُوهُنَّ حَتَّىٰ يَطْهُرْنَ ۖ فَإِذَا تَطَهَّرْنَ فَأْتُوهُنَّ مِنْ حَيْثُ أَمَرَكُمُ ٱللَّهُ ۚ إِنَّ ٱللَّهَ يُحِبُّ ٱلتَّوَّٰبِينَ وَيُحِبُّ ٱلْمُتَطَهِّرِينَ,0.2063,0.1847,0.2117,0.2117,REAL_ERROR
2,228,Wal-muṭalaqātu yatarabbaṣna bi-anfusihinna thalāthata qurūiw-walā yaḥillu lahunna ay-yaktum'na mā khalaqa l-lahu fī arḥāmihinna in kunna yu'minna bil-lahi wal-yawmi l-ākhiri wabuʿūlatuhunna aḥaqqu biraddihinna fī dhālika in arādū iṣ'lāḥaw-walahunna mith'lu alladhī ʿalayhinna bil-maʿrūfi walilrrijāli ʿalayhinna darajatuw-wal-lahu ʿazīzun ḥakīmun,Walmutallaqaatu yatarab basna bi anfusihinna salaasata qurooo'; wa laa yahillu lahunna ai yaktumna maa khalaqal laahu feee arhaaminhinna in kunna yu'minna billaahi wal yawmil aakhir; wa bu'oola tuhunna ahaqqu biraddihinna fee zaalika in araadooo islaahaa; wa lahunna mislul lazee 'araihinna bilma'roof; wa lirrijjaali 'alaihinna daraja; wallaahu 'Azeezun Hakeem,Walmutallaqatuyatarabbasna bi-anfusihinna thalathata quroo-in walayahillu lahunna an yaktumna ma khalaqa Allahufee arhamihinna in kunna yu/minna billahiwalyawmi al-akhiri wabuAAoolatuhunna ahaqqubiraddihinna fee thalika in aradoo islahanwalahunna mithlu allathee AAalayhinna bilmaAAroofiwalirrijali AAalayhinna darajatun wallahuAAazeezun hakeem,وَٱلْمُطَلَّقَٰتُ يَتَرَبَّصْنَ بِأَنفُسِهِنَّ ثَلَٰثَةَ قُرُوٓءٍۢ ۚ وَلَا يَحِلُّ لَهُنَّ أَن يَكْتُمْنَ مَا خَلَقَ ٱللَّهُ فِىٓ أَرْحَامِهِنَّ إِن كُنَّ يُؤْمِنَّ بِٱللَّهِ وَٱلْيَوْمِ ٱلْءَاخِرِ ۚ وَبُعُولَتُهُنَّ أَحَقُّ بِرَدِّهِنَّ فِى ذَٰلِكَ إِنْ أَرَادُوٓا۟ إِصْلَٰحًۭا ۚ وَلَهُنَّ مِثْلُ ٱلَّذِى عَلَيْهِنَّ بِٱلْمَعْرُوفِ ۚ وَلِلرِّجَالِ عَلَيْهِنَّ دَرَجَةٌۭ ۗ وَٱللَّهُ عَزِيزٌ حَكِيمٌ,0.2116,0.2158,0.2125,0.2158,REAL_ERROR
2,229,Aṭ-ṭalāqu marratāni fa-im'sākun bimaʿrūfin aw tasrīḥun bi-iḥ'sāniw-walā yaḥillu lakum an takhudhū mimmā ātaytumūhunna shayan illā ay-yakhāfā allā yuqīmā ḥudūda l-lahi fa-in khif'tum allā yuqīmā ḥudūda l-lahi falā junāḥa ʿalayhimā fīmā if'tadat bihi til'ka ḥudūdu l-lahi falā taʿtadūhā wamay-yataʿadda ḥudūda l-lahi fa-ulāika humu ẓ-ẓālimūn,Attalaaqu marrataani fa imsaakum bima'roofin aw tasreehum bi ihsaan; wa laa yahillu lakum an taakhuzoo mimmaaa aataitumoohunna shai'an illaaa ai yakhaafaaa alla yuqeemaa hudoodallahi fa in khiftum allaa yuqeemaa budoodal laahi falaa junaaha 'Alaihimaa feemaf tadat bihee tilka hudoodul laahi falaa ta'tadoohaa; wa mai yata'adda hudoodal laahi fa ulaaa'ika humuzzaa limoon,Attalaqu marratanifa-imsakun bimaAAroofin aw tasreehun bi-ihsaninwala yahillu lakum an ta/khuthoo mimmaataytumoohunna shay-an illa an yakhafaalla yuqeema hudooda Allahi fa-inkhiftum alla yuqeema hudooda Allahifala junaha AAalayhima feema iftadatbihi tilka hudoodu Allahi fala taAAtadoohawaman yataAAadda hudooda Allahi faola-ikahumu aththalimoon,ٱلطَّلَٰقُ مَرَّتَانِ ۖ فَإِمْسَاكٌۢ بِمَعْرُوفٍ أَوْ تَسْرِيحٌۢ بِإِحْسَٰنٍۢ ۗ وَلَا يَحِلُّ لَكُمْ أَن تَأْخُذُوا۟ مِمَّآ ءَاتَيْتُمُوهُنَّ شَيْـًٔا إِلَّآ أَن يَخَافَآ أَلَّا يُقِيمَا حُدُودَ ٱللَّهِ ۖ فَإِنْ خِفْتُمْ أَلَّا يُقِيمَا حُدُودَ ٱللَّهِ فَلَا جُنَاحَ عَلَيْهِمَا فِيمَا ٱفْتَدَتْ بِهِۦ ۗ تِلْكَ حُدُودُ ٱللَّهِ فَلَا تَعْتَدُوهَا ۚ وَمَن يَتَعَدَّ حُدُودَ ٱللَّهِ فَأُو۟لَٰٓئِكَ هُمُ ٱلظَّٰلِمُونَ,0.1637,0.136,0.164,0.164,REAL_ERROR
2,231,Wa-idhā ṭallaqtumu n-nisāa fabalaghna ajalahunna fa-amsikūhunna bimaʿrūfin aw sarriḥūhunna bimaʿrūfiw-walā tum'sikūhunna ḍirāral-litaʿtadū wamay-yafʿal dhālika faqad ẓalama nafsahu walā tattakhidhū āyāti l-lahi huzuwaw-wa-udh'kurū niʿ'mata l-lahi ʿalaykum wamā anzala ʿalaykum mina l-kitābi wal-ḥik'mati yaʿiẓukum bihi wa-ittaqū l-laha wa-iʿ'lamū anna l-laha bikulli shayin ʿalīmun,Wa izaa tallaqtumun nisaaa'a fabalaghna ajala hunna fa amsikoohunna bima'roofin law sarrihoo hunna bima'roof; wa laa tumsikoo hunna diraa rallita'tadoo; wa mai yaf'al zaalika faqad zalama nafsah; wa laa tattakhizooo aayaatillaahi huzuwaa; wazkuroo ni'matal laahi 'alaikum wa maaa anzala 'alaikum minal kitaabi wal ikmati ya'izukum bih; wattaqul laaha wa'lamooo annal laaha bikulli shai'i 'Aleem,Wa-itha tallaqtumu annisaafabalaghna ajalahunna faamsikoohunna bimaAAroofin aw sarrihoohunnabimaAAroofin wala tumsikoohunna diraranlitaAAtadoo waman yafAAal thalika faqad thalamanafsahu wala tattakhithoo ayati Allahihuzuwan wathkuroo niAAmata Allahi AAalaykumwama anzala AAalaykum mina alkitabi walhikmatiyaAAithukum bihi wattaqoo Allaha waAAlamooanna Allaha bikulli shay-in AAaleem,وَإِذَا طَلَّقْتُمُ ٱلنِّسَآءَ فَبَلَغْنَ أَجَلَهُنَّ فَأَمْسِكُوهُنَّ بِمَعْرُوفٍ أَوْ سَرِّحُوهُنَّ بِمَعْرُوفٍۢ ۚ وَلَا تُمْسِكُوهُنَّ ضِرَارًۭا لِّتَعْتَدُوا۟ ۚ وَمَن يَفْعَلْ ذَٰلِكَ فَقَدْ ظَلَمَ نَفْسَهُۥ ۚ وَلَا تَتَّخِذُوٓا۟ ءَايَٰتِ ٱللَّهِ هُزُوًۭا ۚ وَٱذْكُرُوا۟ نِعْمَتَ ٱللَّهِ عَلَيْكُمْ وَمَآ أَنزَلَ عَلَيْكُم مِّنَ ٱلْكِتَٰبِ وَٱلْحِكْمَةِ يَعِظُكُم بِهِۦ ۚ وَٱتَّقُوا۟ ٱللَّهَ وَٱعْلَمُوٓا۟ أَنَّ ٱللَّهَ بِكُلِّ شَىْءٍ عَلِيمٌۭ,0.0391,0.0394,0.0264,0.0394,REAL_ERROR
2,232,Wa-idhā ṭallaqtumu n-nisāa fabalaghna ajalahunna falā taʿḍulūhunna ay-yankiḥ'na azwājahunna idhā tarāḍaw baynahum bil-maʿrūfi dhālika yūʿaẓu bihi man kāna minkum yu'minu bil-lahi wal-yawmi l-ākhiri dhālikum azkā lakum wa-aṭharu wal-lahu yaʿlamu wa-antum lā taʿlamūn,Wa izaa tallaqtumun nisaaa'a fabalaghna ajalahunna falaa ta'duloo hunna ai yankihna azwaaja humna izaa taraadaw bainahum bilma' roof; zaalika yoo'azu bihee man kaana minkum yu'minu billaahi wal yawmil aakhir; zaalikum azkaa lakum wa athar; wallaahu ya'lamu wa antum laa ta'lamu wa antum laa ta'lamoon,Wa-itha tallaqtumu annisaafabalaghna ajalahunna fala taAAduloohunna an yankihnaazwajahunna itha taradaw baynahum bilmaAAroofithalika yooAAathu bihi man kanaminkum yu/minu billahi walyawmi al-akhirithalikum azka lakum waatharu wallahuyaAAlamu waantum la taAAlamoon,وَإِذَا طَلَّقْتُمُ ٱلنِّسَآءَ فَبَلَغْنَ أَجَلَهُنَّ فَلَا تَعْضُلُوهُنَّ أَن يَنكِحْنَ أَزْوَٰجَهُنَّ إِذَا تَرَٰضَوْا۟ بَيْنَهُم بِٱلْمَعْرُوفِ ۗ ذَٰلِكَ يُوعَظُ بِهِۦ مَن كَانَ مِنكُمْ يُؤْمِنُ بِٱللَّهِ وَٱلْيَوْمِ ٱلْءَاخِرِ ۗ ذَٰلِكُمْ أَزْكَىٰ لَكُمْ وَأَطْهَرُ ۗ وَٱللَّهُ يَعْلَمُ وَأَنتُمْ لَا تَعْلَمُونَ,0.0341,0.0214,0.0341,0.0341,REAL_ERROR
2,233,Wal-wālidātu yur'ḍiʿ'na awlādahunna ḥawlayni kāmilayni liman arāda ay-yutimma r-raḍāʿata waʿalā l-mawlūdi lahu riz'quhunna wakis'watuhunna bil-maʿrūfi lā tukallafu nafsun illā wus'ʿahā lā tuḍārra wālidatun biwaladihā walā mawlūdul-lahu biwaladihi waʿalā l-wārithi mith'lu dhālika fa-in arādā fiṣālan ʿan tarāḍim-min'humā watashāwurin falā junāḥa ʿalayhimā wa-in aradttum an tastarḍiʿū awlādakum falā junāḥa ʿalaykum idhā sallamtum mā ātaytum bil-maʿrūfi wa-ittaqū l-laha wa-iʿ'lamū anna l-laha bimā taʿmalūna baṣīrun,Walwaa lidaatu yurdi'na awlaada hunna hawlaini kaamilaini liman araada ai yutimmar radaa'ah; wa 'alalmawloodi lahoo rizuhunna wa kiswatuhunna bilma'roof; laatukallafu nafsun illaa wus'ahaa; laa tudaaarra waalidatum biwaladihaa wa laa mawloodul lahoo biwaladih; wa 'alal waarisi mislu zaalik; fa in araadaa Fisaalan 'an taraadim minhumaa wa tashaawurin falaa junaaha 'alaimaa; wa in arattum an tastardi'ooo awlaadakum falaa junaaha 'alaikum izaa sallamtum maaa aataitum bilma'roof; wattaqul laaha wa'lamooo annal laaha bimaa ta'maloona baseer,Walwalidatu yurdiAAnaawladahunna hawlayni kamilayni liman aradaan yutimma arradaAAata waAAala almawloodilahu rizquhunna wakiswatuhunna bilmaAAroofi latukallafu nafsun illa wusAAaha la tudarrawalidatun biwaladiha wala mawloodun lahubiwaladihi waAAala alwarithi mithlu thalikafa-in arada fisalan AAan taradinminhuma watashawurin fala junahaAAalayhima wa-in aradtum an tastardiAAoo awladakumfala junaha AAalaykum itha sallamtum maataytum bilmaAAroofi wattaqoo AllahawaAAlamoo anna Allaha bima taAAmaloona baseer,۞ وَٱلْوَٰلِدَٰتُ يُرْضِعْنَ أَوْلَٰدَهُنَّ حَوْلَيْنِ كَامِلَيْنِ ۖ لِمَنْ أَرَادَ أَن يُتِمَّ ٱلرَّضَاعَةَ ۚ وَعَلَى ٱلْمَوْلُودِ لَهُۥ رِزْقُهُنَّ وَكِسْوَتُهُنَّ بِٱلْمَعْرُوفِ ۚ لَا تُكَلَّفُ نَفْسٌ إِلَّا وُسْعَهَا ۚ لَا تُضَآرَّ وَٰلِدَةٌۢ بِوَلَدِهَا وَلَا مَوْلُودٌۭ لَّهُۥ بِوَلَدِهِۦ ۚ وَعَلَى ٱلْوَارِثِ مِثْلُ ذَٰلِكَ ۗ فَإِنْ أَرَادَا فِصَالًا عَن تَرَاضٍۢ مِّنْهُمَا وَتَشَاوُرٍۢ فَلَا جُنَاحَ عَلَيْهِمَا ۗ وَإِنْ أَرَدتُّمْ أَن تَسْتَرْضِعُوٓا۟ أَوْلَٰدَكُمْ فَلَا جُنَاحَ عَلَيْكُمْ إِذَا سَلَّمْتُم مَّآ ءَاتَيْتُم بِٱلْمَعْرُوفِ ۗ وَٱتَّقُوا۟ ٱللَّهَ وَٱعْلَمُوٓا۟ أَنَّ ٱللَّهَ بِمَا تَعْمَلُونَ بَصِيرٌۭ,0.4805,0.0423,0.4833,0.4833,REAL_ERROR
2,234,Wa-alladhīna yutawaffawna minkum wayadharūna azwājay-yatarabbaṣna bi-anfusihinna arbaʿata ashhuriw-waʿashran fa-idhā balaghna ajalahunna falā junāḥa ʿalaykum fīmā faʿalna fī anfusihinna bil-maʿrūfi wal-lahu bimā taʿmalūna khabīrun,Wallazeena yutawaffawna minkum wa yazaroona azwaajai yatarabbasna bi anfusihinna arba'ata ashhurinw wa 'ashran fa izaa balaghna ajalahunna falaa junaaha 'alaikum feemaa fa'alna feee anfusihinna bilma'roof; wallaahu bimaa ta'maloona Khabeer,Wallatheena yutawaffawnaminkum wayatharoona azwajan yatarabbasnabi-anfusihinna arbaAAata ashhurin waAAashran fa-ithabalaghna ajalahunna fala junaha AAalaykum feemafaAAalna fee anfusihinna bilmaAAroofi wallahubima taAAmaloona khabeer,وَٱلَّذِينَ يُتَوَفَّوْنَ مِنكُمْ وَيَذَرُونَ أَزْوَٰجًۭا يَتَرَبَّصْنَ بِأَنفُسِهِنَّ أَرْبَعَةَ أَشْهُرٍۢ وَعَشْرًۭا ۖ فَإِذَا بَلَغْنَ أَجَلَهُنَّ فَلَا جُنَاحَ عَلَيْكُمْ فِيمَا فَعَلْنَ فِىٓ أَنفُسِهِنَّ بِٱلْمَعْرُوفِ ۗ وَٱللَّهُ بِمَا تَعْمَلُونَ خَبِيرٌۭ,0.3262,0.3269,0.3037,0.3269,REAL_ERROR
2,235,Walā junāḥa ʿalaykum fīmā ʿarraḍtum bihi min khiṭ'bati n-nisāi aw aknantum fī anfusikum ʿalima l-lahu annakum satadhkurūnahunna walākil-lā tuwāʿidūhunna sirran illā an taqūlū qawlam-maʿrūfan walā taʿzimū ʿuq'data n-nikāḥi ḥattā yablugha l-kitābu ajalahu wa-iʿ'lamū anna l-laha yaʿlamu mā fī anfusikum fa-iḥ'dharūhu wa-iʿ'lamū anna l-laha ghafūrun ḥalīmun,Wa laa junaaha 'alaikum feema 'arradtum bihee min khitbatin nisaaa'i aw aknantum feee anfusikum; 'alimal laahu annakum satazkuroonahunna wa laakil laa tuwaa'idoohunna sirran illaaa an taqooloo qawlamma'roofaa; wa laa ta'zimoo 'uqdatan nikaahi hattaa yablughal kitaabu ajalah; wa'lamooo annal laaha ya'lamumaa feee anfusikum fahzarooh; wa'lamooo annallaaha Ghafoorun Haleem,Wala junaha AAalaykum feemaAAarradtum bihi min khitbati annisa-iaw aknantum fee anfusikum AAalima Allahu annakum satathkuroonahunnawalakin la tuwaAAidoohunna sirran illaan taqooloo qawlan maAAroofan wala taAAzimoo AAuqdata annikahihatta yablugha alkitabu ajalahu waAAlamooanna Allaha yaAAlamu ma fee anfusikum fahtharoohuwaAAlamoo anna Allaha ghafoorun haleem,وَلَا جُنَاحَ عَلَيْكُمْ فِيمَا عَرَّضْتُم بِهِۦ مِنْ خِطْبَةِ ٱلنِّسَآءِ أَوْ أَكْنَنتُمْ فِىٓ أَنفُسِكُمْ ۚ عَلِمَ ٱللَّهُ أَنَّكُمْ سَتَذْكُرُونَهُنَّ وَلَٰكِن لَّا تُوَاعِدُوهُنَّ سِرًّا إِلَّآ أَن تَقُولُوا۟ قَوْلًۭا مَّعْرُوفًۭا ۚ وَلَا تَعْزِمُوا۟ عُقْدَةَ ٱلنِّكَاحِ حَتَّىٰ يَبْلُغَ ٱلْكِتَٰبُ أَجَلَهُۥ ۚ وَٱعْلَمُوٓا۟ أَنَّ ٱللَّهَ يَعْلَمُ مَا فِىٓ أَنفُسِكُمْ فَٱحْذَرُوهُ ۚ وَٱعْلَمُوٓا۟ أَنَّ ٱللَّهَ غَفُورٌ حَلِيمٌۭ,0.2749,0.0421,0.2772,0.2772,REAL_ERROR
2,237,Wa-in ṭallaqtumūhunna min qabli an tamassūhunna waqad faraḍtum lahunna farīḍatan faniṣ'fu mā faraḍtum illā ay-yaʿfūna aw yaʿfuwā alladhī biyadihi ʿuq'datu n-nikāḥi wa-an taʿfū aqrabu lilttaqwā walā tansawū l-faḍla baynakum inna l-laha bimā taʿmalūna baṣīrun,Wa in tallaqtumoohunna min qabli an tamassoohunna wa qad farad tum lahunna fareedatan fanisfu maa faradtum illaaa ai ya'foona aw ya'fuwallazee biyadihee 'uqdatunnikaah; wa an ta'foona aw ya'fuwallazee biyadihee 'uqdatunnikaah; wa an ta'fooo aqrabu littaqwaa; wa laa tansawulfadla bainakum; innal laaha bimaa ta'maloona Baseer,Wa-in tallaqtumoohunna min qabli antamassoohunna waqad faradtum lahunna fareedatanfanisfu ma faradtum illa an yaAAfoonaaw yaAAfuwa allathee biyadihi AAuqdatu annikahiwaan taAAfoo aqrabu littaqwa wala tansawooalfadla baynakum inna Allaha bimataAAmaloona baseer,وَإِن طَلَّقْتُمُوهُنَّ مِن قَبْلِ أَن تَمَسُّوهُنَّ وَقَدْ فَرَضْتُمْ لَهُنَّ فَرِيضَةًۭ فَنِصْفُ مَا فَرَضْتُمْ إِلَّآ أَن يَعْفُونَ أَوْ يَعْفُوَا۟ ٱلَّذِى بِيَدِهِۦ عُقْدَةُ ٱلنِّكَاحِ ۚ وَأَن تَعْفُوٓا۟ أَقْرَبُ لِلتَّقْوَىٰ ۚ وَلَا تَنسَوُا۟ ٱلْفَضْلَ بَيْنَكُمْ ۚ إِنَّ ٱللَّهَ بِمَا تَعْمَلُونَ بَصِيرٌ,0.1589,0.0696,0.1592,0.1592,REAL_ERROR
2,240,Wa-alladhīna yutawaffawna minkum wayadharūna azwājaw-waṣiyyatan li-azwājihim matāʿan ilā l-ḥawli ghayra ikh'rājin fa-in kharajna falā junāḥa ʿalaykum fī mā faʿalna fī anfusihinna mim-maʿrūfin wal-lahu ʿazīzun ḥakīmun,Wallazeena yutawaf fawna minkum wa yazaroona azwaajanw wasiyyatal li azwaajihim mataa'an ilal hawlighaira ikhraaj; fa in kharajna falaa junaaha 'alaikum fee maa fa'alna junaaha 'alaikum fee maa fa'alna feee anfusihinna mim ma'roof; wallaahu Azeezun Hakeem,Wallatheena yutawaffawnaminkum wayatharoona azwajan wasiyyatanli-azwajihim mataAAan ila alhawlighayra ikhrajin fa-in kharajna fala junahaAAalaykum fee ma faAAalna fee anfusihinna min maAAroofinwallahu AAazeezun hakeem,وَٱلَّذِينَ يُتَوَفَّوْنَ مِنكُمْ وَيَذَرُونَ أَزْوَٰجًۭا وَصِيَّةًۭ لِّأَزْوَٰجِهِم مَّتَٰعًا إِلَى ٱلْحَوْلِ غَيْرَ إِخْرَاجٍۢ ۚ فَإِنْ خَرَجْنَ فَلَا جُنَاحَ عَلَيْكُمْ فِى مَا فَعَلْنَ فِىٓ أَنفُسِهِنَّ مِن مَّعْرُوفٍۢ ۗ وَٱللَّهُ عَزِيزٌ حَكِيمٌۭ,0.2398,0.2495,0.1763,0.2495,REAL_ERROR
2,246,Alam tara ilā l-mala-i min banī is'rāīla min baʿdi mūsā idh qālū linabiyyil-lahumu ib'ʿath lanā malikan-nuqātil fī sabīli l-lahi qāla hal ʿasaytum in kutiba ʿalaykumu l-qitālu allā tuqātilū qālū wamā lanā allā nuqātila fī sabīli l-lahi waqad ukh'rij'nā min diyārinā wa-abnāinā falammā kutiba ʿalayhimu l-qitālu tawallaw illā qalīlam-min'hum wal-lahu ʿalīmun bil-ẓālimīn,Alam tara ilal malai mim Baneee Israaa'eela mim ba'di Moosaaa iz qaaloo li Nabiyyil lahumub 'as lanaa malikan nuqaatil fee sabeelillaahi qaala hal 'asaitum in kutiba 'alaikumul qitaalu allaa tuqaatiloo qaaloo wa maa lanaaa allaa nuqaatila fee sabeelil laahi wa qad ukhrijnaa min diyaarinaa wa abnaaa'inaa falammaa kutiba 'alaihimul qitaalu tawallaw illaa qaleelam minhum; wallaahu 'aleemum bizzaalimeen,Alam tara ila almala-i min banee isra-eelamin baAAdi moosa ith qaloo linabiyyin lahumuibAAath lana malikan nuqatil fee sabeeli Allahiqala hal AAasaytum in kutiba AAalaykumu alqitalualla tuqatiloo qaloo wama lanaalla nuqatila fee sabeeli Allahi waqadokhrijna min diyarina waabna-inafalamma kutiba AAalayhimu alqitalu tawallaw illaqaleelan minhum wallahu AAaleemun biththalimeen,أَلَمْ تَرَ إِلَى ٱلْمَلَإِ مِنۢ بَنِىٓ إِسْرَٰٓءِيلَ مِنۢ بَعْدِ مُوسَىٰٓ إِذْ قَالُوا۟ لِنَبِىٍّۢ لَّهُمُ ٱبْعَثْ لَنَا مَلِكًۭا نُّقَٰتِلْ فِى سَبِيلِ ٱللَّهِ ۖ قَالَ هَلْ عَسَيْتُمْ إِن كُتِبَ عَلَيْكُمُ ٱلْقِتَالُ أَلَّا تُقَٰتِلُوا۟ ۖ قَالُوا۟ وَمَا لَنَآ أَلَّا نُقَٰتِلَ فِى سَبِيلِ ٱللَّهِ وَقَدْ أُخْرِجْنَا مِن دِيَٰرِنَا وَأَبْنَآئِنَا ۖ فَلَمَّا كُتِبَ عَلَيْهِمُ ٱلْقِتَالُ تَوَلَّوْا۟ إِلَّا قَلِيلًۭا مِّنْهُمْ ۗ وَٱللَّهُ عَلِيمٌۢ بِٱلظَّٰلِمِينَ,0.1176,0.1289,0.0595,0.1289,REAL_ERROR
2,247,Waqāla lahum nabiyyuhum inna l-laha qad baʿatha lakum ṭālūta malikan qālū annā yakūnu lahu l-mul'ku ʿalaynā wanaḥnu aḥaqqu bil-mul'ki min'hu walam yu'ta saʿatam-mina l-māli qāla inna l-laha iṣ'ṭafāhu ʿalaykum wazādahu basṭatan fī l-ʿil'mi wal-jis'mi wal-lahu yu'tī mul'kahu may-yashāu wal-lahu wāsiʿun ʿalīmun,Wa qaala lahum Nabiy yuhum innal laaha qad ba'asa lakum Taaloota malikaa; qaalooo annaa yakoonu lahul mulku 'alainaa wa nahnu ahaqqu bilmulki minhu wa lam yu'ta sa'atamminal maal; qaala innallaahas tafaahu 'alaikum wa zaadahoo bastatan fil'ilmi waljismi wallaahu yu'tee mulkahoo mai yashaaa'; wallaahu Waasi'un 'Aleem,Waqala lahum nabiyyuhum inna Allahaqad baAAatha lakum taloota malikan qaloo annayakoonu lahu almulku AAalayna wanahnu ahaqqubilmulki minhu walam yu/ta saAAatan mina almali qalainna Allaha istafahu AAalaykum wazadahubastatan fee alAAilmi waljismi wallahuyu/tee mulkahu man yashao wallahu wasiAAunAAaleem,وَقَالَ لَهُمْ نَبِيُّهُمْ إِنَّ ٱللَّهَ قَدْ بَعَثَ لَكُمْ طَالُوتَ مَلِكًۭا ۚ قَالُوٓا۟ أَنَّىٰ يَكُونُ لَهُ ٱلْمُلْكُ عَلَيْنَا وَنَحْنُ أَحَقُّ بِٱلْمُلْكِ مِنْهُ وَلَمْ يُؤْتَ سَعَةًۭ مِّنَ ٱلْمَالِ ۚ قَالَ إِنَّ ٱللَّهَ ٱصْطَفَىٰهُ عَلَيْكُمْ وَزَادَهُۥ بَسْطَةًۭ فِى ٱلْعِلْمِ وَٱلْجِسْمِ ۖ وَٱللَّهُ يُؤْتِى مُلْكَهُۥ مَن يَشَآءُ ۚ وَٱللَّهُ وَٰسِعٌ عَلِيمٌۭ,0.2422,0.2309,0.2438,0.2438,REAL_ERROR
2,248,Waqāla lahum nabiyyuhum inna āyata mul'kihi ay-yatiyakumu t-tābūtu fīhi sakīnatum-min rabbikum wabaqiyyatum-mimmā taraka ālu mūsā waālu hārūna taḥmiluhu l-malāikatu inna fī dhālika laāyatal-lakum in kuntum mu'minīn,Wa qaala lahum Nabiyyuhum inna Aayata mulkiheee ai yaatiyakumut Taabootu feei sakeenatummir Rabbikum wa baqiyyatummimmaa taraka Aalu Moosa wa Aalu Haaroona tahmiluhul malaaa'ikah; inna fee zaalika la Aayatal lakum in kuntum mu'mineen,Waqala lahum nabiyyuhum inna ayatamulkihi an ya/tiyakumu attabootu feehi sakeenatunmin rabbikum wabaqiyyatun mimma taraka alu moosawaalu haroona tahmiluhu almala-ikatuinna fee thalika laayatan lakum in kuntum mu/mineen,وَقَالَ لَهُمْ نَبِيُّهُمْ إِنَّ ءَايَةَ مُلْكِهِۦٓ أَن يَأْتِيَكُمُ ٱلتَّابُوتُ فِيهِ سَكِينَةٌۭ مِّن رَّبِّكُمْ وَبَقِيَّةٌۭ مِّمَّا تَرَكَ ءَالُ مُوسَىٰ وَءَالُ هَٰرُونَ تَحْمِلُهُ ٱلْمَلَٰٓئِكَةُ ۚ إِنَّ فِى ذَٰلِكَ لَءَايَةًۭ لَّكُمْ إِن كُنتُم مُّؤْمِنِينَ,0.4815,0.2108,0.4815,0.4815,REAL_ERROR
2,249,Falammā faṣala ṭālūtu bil-junūdi qāla inna l-laha mub'talīkum binaharin faman shariba min'hu falaysa minnī wamal-lam yaṭʿamhu fa-innahu minnī illā mani igh'tarafa ghur'fatan biyadihi fasharibū min'hu illā qalīlam-min'hum falammā jāwazahu huwa wa-alladhīna āmanū maʿahu qālū lā ṭāqata lanā l-yawma bijālūta wajunūdihi qāla alladhīna yaẓunnūna annahum mulāqū l-lahi kam min fi-atin qalīlatin ghalabat fi-atan kathīratan bi-idh'ni l-lahi wal-lahu maʿa ṣ-ṣābirīn,Falammaa fasala Taalootu biljunoodi qaala innal laaha mubtaleekum binaharin faman shariba minhu falaisa minnee wa mallam yat'amhu fa innahoo minneee illaa manigh tarafa ghurfatam biyadih; fashariboo minhu illaa qaleelamminhum; falammaa jaawazahoo huwa wallazeena aamanoo ma'ahoo qaaloo laa taaqata lanal yawma bi Jaaloota wa junoodih; qaalallazeena yazunnoona annahum mulaaqul laahi kam min fi'atin qaleelatin ghalabat fi'atan kaseeratam bi iznil laah; wallaahuma'as saabireen,Falamma fasala talootubiljunoodi qala inna Allaha mubtaleekumbinaharin faman shariba minhu falaysa minnee waman lam yatAAamhufa-innahu minnee illa mani ightarafa ghurfatan biyadihifashariboo minhu illa qaleelan minhum falamma jawazahuhuwa wallatheena amanoo maAAahu qaloola taqata lana alyawma bijalootawajunoodihi qala allatheena yathunnoonaannahum mulaqoo Allahi kam min fi-atin qaleelatinghalabat fi-atan katheeratan bi-ithni Allahi wallahumaAAa assabireen,فَلَمَّا فَصَلَ طَالُوتُ بِٱلْجُنُودِ قَالَ إِنَّ ٱللَّهَ مُبْتَلِيكُم بِنَهَرٍۢ فَمَن شَرِبَ مِنْهُ فَلَيْسَ مِنِّى وَمَن لَّمْ يَطْعَمْهُ فَإِنَّهُۥ مِنِّىٓ إِلَّا مَنِ ٱغْتَرَفَ غُرْفَةًۢ بِيَدِهِۦ ۚ فَشَرِبُوا۟ مِنْهُ إِلَّا قَلِيلًۭا مِّنْهُمْ ۚ فَلَمَّا جَاوَزَهُۥ هُوَ وَٱلَّذِينَ ءَامَنُوا۟ مَعَهُۥ قَالُوا۟ لَا طَاقَةَ لَنَا ٱلْيَوْمَ بِجَالُوتَ وَجُنُودِهِۦ ۚ قَالَ ٱلَّذِينَ يَظُنُّونَ أَنَّهُم مُّلَٰقُوا۟ ٱللَّهِ كَم مِّن فِئَةٍۢ قَلِيلَةٍ غَلَبَتْ فِئَةًۭ كَثِيرَةًۢ بِإِذْنِ ٱللَّهِ ۗ وَٱللَّهُ مَعَ ٱلصَّٰبِرِينَ,0.3664,0.1118,0.3664,0.3664,REAL_ERROR
2,251,Fahazamūhum bi-idh'ni l-lahi waqatala dāwūdu jālūta waātāhu l-lahu l-mul'ka wal-ḥik'mata waʿallamahu mimmā yashāu walawlā dafʿu l-lahi n-nāsa baʿḍahum bibaʿḍil-lafasadati l-arḍu walākinna l-laha dhū faḍlin ʿalā l-ʿālamīn,Fahazamoohum bi iznillaahi wa qatala Daawoodu jaaloota wa aataahul laahulmulka Wal Hikmata wa 'allamahoo mimmaa yashaaa'; wa law laa daf'ullaahin naasa ba'dahum biba'dil lafasadatil ardu wa laakinnal laaha zoo fadlin 'alal'aalameen,Fahazamoohum bi-ithni Allahiwaqatala dawoodu jaloota waatahu Allahualmulka walhikmata waAAallamahu mimma yashaowalawla dafAAu Allahi annasa baAAdahumbibaAAdin lafasadati al-ardu walakinna Allahathoo fadlin AAala alAAalameen,فَهَزَمُوهُم بِإِذْنِ ٱللَّهِ وَقَتَلَ دَاوُۥدُ جَالُوتَ وَءَاتَىٰهُ ٱللَّهُ ٱلْمُلْكَ وَٱلْحِكْمَةَ وَعَلَّمَهُۥ مِمَّا يَشَآءُ ۗ وَلَوْلَا دَفْعُ ٱللَّهِ ٱلنَّاسَ بَعْضَهُم بِبَعْضٍۢ لَّفَسَدَتِ ٱلْأَرْضُ وَلَٰكِنَّ ٱللَّهَ ذُو فَضْلٍ عَلَى ٱلْعَٰلَمِينَ,0.4063,0.382,0.4082,0.4082,REAL_ERROR
2,253,Til'ka r-rusulu faḍḍalnā baʿḍahum ʿalā baʿḍim-min'hum man kallama l-lahu warafaʿa baʿḍahum darajātiw-waātaynā ʿīsā ib'na maryama l-bayināti wa-ayyadnāhu birūḥi l-qudusi walaw shāa l-lahu mā iq'tatala alladhīna min baʿdihim min baʿdi mā jāathumu l-bayinātu walākini ikh'talafū famin'hum man āmana wamin'hum man kafara walaw shāa l-lahu mā iq'tatalū walākinna l-laha yafʿalu mā yurīd,Tilkar Rusulu faddalnaa ba'dahum 'alaa ba'd; minhum man kallamal laahu wa rafa'a ba'dahum darajaat; wa aatainaa 'Eesab na Maryamal baiyinaati wa ayyadnaahu bi Roohil Qudus; wa law shaaa'al laahu maqtatalal lazeena mimba'dihim mim ba'di maa jaaa'athumul baiyinaatu wa laakinikh talafoo faminhum man aamana wa minhum man kafar; wa law shaaa'al laahu maq tataloo wa laakinnallaaha yaf'alu maa yureed (,Tilka arrusulu faddalnabaAAdahum AAala baAAdin minhum man kallamaAllahu warafaAAa baAAdahum darajatin waataynaAAeesa ibna maryama albayyinati waayyadnahubiroohi alqudusi walaw shaa Allahu maiqtatala allatheena min baAAdihim min baAAdi ma jaat-humualbayyinatu walakini ikhtalafoo faminhum man amanawaminhum man kafara walaw shaa Allahu maiqtataloo walakinna Allaha yafAAalu mayureed,۞ تِلْكَ ٱلرُّسُلُ فَضَّلْنَا بَعْضَهُمْ عَلَىٰ بَعْضٍۢ ۘ مِّنْهُم مَّن كَلَّمَ ٱللَّهُ ۖ وَرَفَعَ بَعْضَهُمْ دَرَجَٰتٍۢ ۚ وَءَاتَيْنَا عِيسَى ٱبْنَ مَرْيَمَ ٱلْبَيِّنَٰتِ وَأَيَّدْنَٰهُ بِرُوحِ ٱلْقُدُسِ ۗ وَلَوْ شَآءَ ٱللَّهُ مَا ٱقْتَتَلَ ٱلَّذِينَ مِنۢ بَعْدِهِم مِّنۢ بَعْدِ مَا جَآءَتْهُمُ ٱلْبَيِّنَٰتُ وَلَٰكِنِ ٱخْتَلَفُوا۟ فَمِنْهُم مَّنْ ءَامَنَ وَمِنْهُم مَّن كَفَرَ ۚ وَلَوْ شَآءَ ٱللَّهُ مَا ٱقْتَتَلُوا۟ وَلَٰكِنَّ ٱللَّهَ يَفْعَلُ مَا يُرِيدُ,0.1286,0.117,0.1289,0.1289,REAL_ERROR
2,255,Al-lahu lā ilāha illā huwa l-ḥayu l-qayūmu lā takhudhuhu sinatuw-walā nawmul-lahu mā fī s-samāwāti wamā fī l-arḍi man dhā alladhī yashfaʿu ʿindahu illā bi-idh'nihi yaʿlamu mā bayna aydīhim wamā khalfahum walā yuḥīṭūna bishayim-min ʿil'mihi illā bimā shāa wasiʿa kur'siyyuhu s-samāwāti wal-arḍa walā yaūduhu ḥif'ẓuhumā wahuwa l-ʿaliyu l-ʿaẓīm,Allahu laaa ilaaha illaa Huwal Haiyul Qaiyoom; laa taakhuzuhoo sinatunw wa laa nawm; lahoo maa fissamaawaati wa maa fil ard; man zal lazee yashfa'u indahooo illaa bi-iznih; ya'lamu maa baina aydeehim wa mww khalfahum wa laa yuheetoona bishai'im min 'ilmihee illaa bimaa shaaa'; wasi'a Kursiyyuhus samaawaati wal arda wa laa ya'ooduho hifzuhumaa; wa Huwal Aliyyul 'Azeem,Allahu la ilaha illahuwa alhayyu alqayyoomu la ta/khuthuhusinatun wala nawmun lahu ma fee assamawatiwama fee al-ardi man tha allatheeyashfaAAu AAindahu illa bi-ithnihi yaAAlamu mabayna aydeehim wama khalfahum wala yuheetoonabishay-in min AAilmihi illa bima shaawasiAAa kursiyyuhu assamawati wal-ardawala yaooduhu hifthuhumawahuwa alAAaliyyu alAAatheem,ٱللَّهُ لَآ إِلَٰهَ إِلَّا هُوَ ٱلْحَىُّ ٱلْقَيُّومُ ۚ لَا تَأْخُذُهُۥ سِنَةٌۭ وَلَا نَوْمٌۭ ۚ لَّهُۥ مَا فِى ٱلسَّمَٰوَٰتِ وَمَا فِى ٱلْأَرْضِ ۗ مَن ذَا ٱلَّذِى يَشْفَعُ عِندَهُۥٓ إِلَّا بِإِذْنِهِۦ ۚ يَعْلَمُ مَا بَيْنَ أَيْدِيهِمْ وَمَا خَلْفَهُمْ ۖ وَلَا يُحِيطُونَ بِشَىْءٍۢ مِّنْ عِلْمِهِۦٓ إِلَّا بِمَا شَآءَ ۚ وَسِعَ كُرْسِيُّهُ ٱلسَّمَٰوَٰتِ وَٱلْأَرْضَ ۖ وَلَا يَـُٔودُهُۥ حِفْظُهُمَا ۚ وَهُوَ ٱلْعَلِىُّ ٱلْعَظِيمُ,0.341,0.2296,0.343,0.343,REAL_ERROR
2,257,Al-lahu waliyyu alladhīna āmanū yukh'rijuhum mina ẓ-ẓulumāti ilā n-nūri wa-alladhīna kafarū awliyāuhumu ṭ-ṭāghūtu yukh'rijūnahum mina n-nūri ilā ẓ-ẓulumāti ulāika aṣḥābu n-nāri hum fīhā khālidūn,Allaahu waliyyul lazeena aamanoo yukhrijuhum minaz zulumaati ilan noori wallazeena kafarooo awliyaaa'uhumut Taaghootu yukhrijoonahum minan noori ilaz zulumaat; ulaaa'ika Ashaabun Naari hum feehaa khaalidoon,Allahu waliyyu allatheena amanooyukhrijuhum mina aththulumati ilaannoori wallatheena kafaroo awliyaohumuattaghootu yukhrijoonahum mina annoori ilaaththulumati ola-ika as-habuannari hum feeha khalidoon,ٱللَّهُ وَلِىُّ ٱلَّذِينَ ءَامَنُوا۟ يُخْرِجُهُم مِّنَ ٱلظُّلُمَٰتِ إِلَى ٱلنُّورِ ۖ وَٱلَّذِينَ كَفَرُوٓا۟ أَوْلِيَآؤُهُمُ ٱلطَّٰغُوتُ يُخْرِجُونَهُم مِّنَ ٱلنُّورِ إِلَى ٱلظُّلُمَٰتِ ۗ أُو۟لَٰٓئِكَ أَصْحَٰبُ ٱلنَّارِ ۖ هُمْ فِيهَا خَٰلِدُونَ,0.1015,0.0702,0.1015,0.1015,REAL_ERROR
2,258,Alam tara ilā alladhī ḥājja ib'rāhīma fī rabbihi an ātāhu l-lahu l-mul'ka idh qāla ib'rāhīmu rabbiya alladhī yuḥ'yī wayumītu qāla anā uḥ'yī wa-umītu qāla ib'rāhīmu fa-inna l-laha yatī bil-shamsi mina l-mashriqi fati bihā mina l-maghribi fabuhita alladhī kafara wal-lahu lā yahdī l-qawma ẓ-ẓālimīn,Alam tara ilal lazee Haaajja Ibraaheema fee Rabbiheee an aataahullaahul mulka iz qaala Ibraaheemu Rabbiyal lazee yuhyee wa yumeetu qaala ana uhyee wa yumeetu qaala ana uhyee wa umeetu qaala Ibraaheemu fa innal laaha yaatee bishshamsi minal mashriqi faati bihaa minal maghribi fabuhital lazee kafar; wallaahu laa yahdil qawmaz zaalimeen,Alam tara ila allathee hajjaibraheema fee rabbihi an atahu Allahualmulka ith qala ibraheemu rabbiya allatheeyuhyee wayumeetu qala ana ohyeewaomeetu qala ibraheemu fa-inna Allahaya/tee bishshamsi mina almashriqi fa/ti biha minaalmaghribi fabuhita allathee kafara wallahula yahdee alqawma aththalimeen,أَلَمْ تَرَ إِلَى ٱلَّذِى حَآجَّ إِبْرَٰهِۦمَ فِى رَبِّهِۦٓ أَنْ ءَاتَىٰهُ ٱللَّهُ ٱلْمُلْكَ إِذْ قَالَ إِبْرَٰهِۦمُ رَبِّىَ ٱلَّذِى يُحْىِۦ وَيُمِيتُ قَالَ أَنَا۠ أُحْىِۦ وَأُمِيتُ ۖ قَالَ إِبْرَٰهِۦمُ فَإِنَّ ٱللَّهَ يَأْتِى بِٱلشَّمْسِ مِنَ ٱلْمَشْرِقِ فَأْتِ بِهَا مِنَ ٱلْمَغْرِبِ فَبُهِتَ ٱلَّذِى كَفَرَ ۗ وَٱللَّهُ لَا يَهْدِى ٱلْقَوْمَ ٱلظَّٰلِمِينَ,0.0975,0.0794,0.0975,0.0975,REAL_ERROR
2,259,Aw ka-alladhī marra ʿalā qaryatiw-wahiya khāwiyatun ʿalā ʿurūshihā qāla annā yuḥ'yī hādhihi l-lahu baʿda mawtihā fa-amātahu l-lahu mi-ata ʿāmin thumma baʿathahu qāla kam labith'ta qāla labith'tu yawman aw baʿḍa yawmin qāla bal labith'ta mi-ata ʿāmin fa-unẓur ilā ṭaʿāmika washarābika lam yatasannah wa-unẓur ilā ḥimārika walinajʿalaka āyatal-lilnnāsi wa-unẓur ilā l-ʿiẓāmi kayfa nunshizuhā thumma naksūhā laḥman falammā tabayyana lahu qāla aʿlamu anna l-laha ʿalā kulli shayin qadīrun,Aw kallazee marra 'alaa qaryatinw wa hiya khaawiyatun 'alaa 'urooshihaa qaala annaa yuhyee haazihil laahu ba'da mawtihaa fa amaatahul laahu mi'ata 'aamin suumma ba'asahoo qaala kam labista qaala labistu yawman aw ba'da yawmin qaala bal labista mi'ata 'aamin fanzur ilaa ta'aamika wa sharaabika lam yatasannah wanzur ilaa himaarika wa linaj'alaka Aayatal linnaasi wanzur ilal'izaami kaifa nunshizuhaa summa naksoohaa lahmaa; falammaa tabiyana lahoo qaala a'lamu annal laaha 'alaakulli shai'in Qadeer,Aw kallathee marra AAalaqaryatin wahiya khawiyatun AAala AAurooshihaqala anna yuhyee hathihi AllahubaAAda mawtiha faamatahu Allahu mi-ata AAaminthumma baAAathahu qala kam labithta qala labithtuyawman aw baAAda yawmin qala bal labithta mi-ata AAaminfanthur ila taAAamikawasharabika lam yatasannah wanthurila himarika walinajAAalaka ayatan linnasiwanthur ila alAAithamikayfa nunshizuha thumma naksooha lahmanfalamma tabayyana lahu qala aAAlamu anna AllahaAAala kulli shay-in qadeer,أَوْ كَٱلَّذِى مَرَّ عَلَىٰ قَرْيَةٍۢ وَهِىَ خَاوِيَةٌ عَلَىٰ عُرُوشِهَا قَالَ أَنَّىٰ يُحْىِۦ هَٰذِهِ ٱللَّهُ بَعْدَ مَوْتِهَا ۖ فَأَمَاتَهُ ٱللَّهُ مِا۟ئَةَ عَامٍۢ ثُمَّ بَعَثَهُۥ ۖ قَالَ كَمْ لَبِثْتَ ۖ قَالَ لَبِثْتُ يَوْمًا أَوْ بَعْضَ يَوْمٍۢ ۖ قَالَ بَل لَّبِثْتَ مِا۟ئَةَ عَامٍۢ فَٱنظُرْ إِلَىٰ طَعَامِكَ وَشَرَابِكَ لَمْ يَتَسَنَّهْ ۖ وَٱنظُرْ إِلَىٰ حِمَارِكَ وَلِنَجْعَلَكَ ءَايَةًۭ لِّلنَّاسِ ۖ وَٱنظُرْ إِلَى ٱلْعِظَامِ كَيْفَ نُنشِزُهَا ثُمَّ نَكْسُوهَا لَحْمًۭا ۚ فَلَمَّا تَبَيَّنَ لَهُۥ قَالَ أَعْلَمُ أَنَّ ٱللَّهَ عَلَىٰ كُلِّ شَىْءٍۢ قَدِيرٌۭ,0.0208,0.0165,0.0209,0.0209,REAL_ERROR
2,260,Wa-idh qāla ib'rāhīmu rabbi arinī kayfa tuḥ'yī l-mawtā qāla awalam tu'min qāla balā walākil-liyaṭma-inna qalbī qāla fakhudh arbaʿatam-mina ṭ-ṭayri faṣur'hunna ilayka thumma ij'ʿal ʿalā kulli jabalim-min'hunna juz'an thumma ud'ʿuhunna yatīnaka saʿyaw-wa-iʿ'lam anna l-laha ʿazīzun ḥakīmun,Wa iz qaala Ibraaheemu Rabbi arinee kaifa tuhyil mawtaa qaala awa lam tu'min qaala balaa wa laakil liyatma'inna qalbee qaala fakhuz arab'atam minal tairi fasurhunna ilaika summaj 'al a'alaa kulli jabalim minhunna juz'an sumaad 'uhunna yaateenaka sa'yaa; wa'lam annal laaha 'Azeezun Hakeem,Wa-ith qala ibraheemurabbi arinee kayfa tuhyee almawta qala awalam tu/min qala bala walakin liyatma-innaqalbee qala fakhuth arbaAAatan mina attayrifasurhunna ilayka thumma ijAAal AAala kulli jabalinminhunna juz-an thumma odAAuhunna ya/teenaka saAAyan waAAlamanna Allaha AAazeezun hakeem,وَإِذْ قَالَ إِبْرَٰهِۦمُ رَبِّ أَرِنِى كَيْفَ تُحْىِ ٱلْمَوْتَىٰ ۖ قَالَ أَوَلَمْ تُؤْمِن ۖ قَالَ بَلَىٰ وَلَٰكِن لِّيَطْمَئِنَّ قَلْبِى ۖ قَالَ فَخُذْ أَرْبَعَةًۭ مِّنَ ٱلطَّيْرِ فَصُرْهُنَّ إِلَيْكَ ثُمَّ ٱجْعَلْ عَلَىٰ كُلِّ جَبَلٍۢ مِّنْهُنَّ جُزْءًۭا ثُمَّ ٱدْعُهُنَّ يَأْتِينَكَ سَعْيًۭا ۚ وَٱعْلَمْ أَنَّ ٱللَّهَ عَزِيزٌ حَكِيمٌۭ,0.0279,0.0177,0.0282,0.0282,REAL_ERROR
2,264,Yāayyuhā alladhīna āmanū lā tub'ṭilū ṣadaqātikum bil-mani wal-adhā ka-alladhī yunfiqu mālahu riāa n-nāsi walā yu'minu bil-lahi wal-yawmi l-ākhiri famathaluhu kamathali ṣafwānin ʿalayhi turābun fa-aṣābahu wābilun fatarakahu ṣaldal-lā yaqdirūna ʿalā shayim-mimmā kasabū wal-lahu lā yahdī l-qawma l-kāfirīn,Yaaa ayyuhal lazeena aamanoo laa tubtiloo sadaqaatikum bilmanni wal azaa kallazee yunfiqu maalahoo ri'aaa'an naasi wa laa yu'minu billaahi wal yawmil aakhiri famasaluhoo kamasali safwaanin 'alaihi turaabun fa asaabahoo waabilun fatara kahoo saldaa; laa yaqdiroona 'alaa shai'im mimmaa kasaboo; wallaahu laa yahdil qawmal kaafireen,Ya ayyuha allatheena amanoola tubtiloo sadaqatikum bilmanniwal-atha kallathee yunfiqu malahuri-aa annasi wala yu/minu billahiwalyawmi al-akhiri famathaluhu kamathali safwaninAAalayhi turabun faasabahu wabilunfatarakahu saldan la yaqdiroona AAalashay-in mimma kasaboo wallahu layahdee alqawma alkafireen,يَٰٓأَيُّهَا ٱلَّذِينَ ءَامَنُوا۟ لَا تُبْطِلُوا۟ صَدَقَٰتِكُم بِٱلْمَنِّ وَٱلْأَذَىٰ كَٱلَّذِى يُنفِقُ مَالَهُۥ رِئَآءَ ٱلنَّاسِ وَلَا يُؤْمِنُ بِٱللَّهِ وَٱلْيَوْمِ ٱلْءَاخِرِ ۖ فَمَثَلُهُۥ كَمَثَلِ صَفْوَانٍ عَلَيْهِ تُرَابٌۭ فَأَصَابَهُۥ وَابِلٌۭ فَتَرَكَهُۥ صَلْدًۭا ۖ لَّا يَقْدِرُونَ عَلَىٰ شَىْءٍۢ مِّمَّا كَسَبُوا۟ ۗ وَٱللَّهُ لَا يَهْدِى ٱلْقَوْمَ ٱلْكَٰفِرِينَ,0.0922,0.0925,0.0862,0.0925,REAL_ERROR
2,265,Wamathalu alladhīna yunfiqūna amwālahumu ib'tighāa marḍāti l-lahi watathbītam-min anfusihim kamathali jannatin birabwatin aṣābahā wābilun faātat ukulahā ḍiʿ'fayni fa-il-lam yuṣib'hā wābilun faṭalluw-wal-lahu bimā taʿmalūna baṣīrun,Wa masalul lazeena yunfiqoona amwaalahumub ti ghaaaa'a mardaatil laahi wa tasbeetam min anfusihim kamasali jannatim birabwatin asaabahaa waabilun fa aatat ukulahaa di'faini fa il lam yusibhaa waabilun fatall; wallaahu bimaa ta'maloona Baseer,Wamathalu allatheena yunfiqoona amwalahumuibtighaa mardati Allahi watathbeetan minanfusihim kamathali jannatin birabwatin asabaha wabilunfaatat okulaha diAAfayni fa-in lam yusibhawabilun fatallun wallahu bimataAAmaloona baseer,وَمَثَلُ ٱلَّذِينَ يُنفِقُونَ أَمْوَٰلَهُمُ ٱبْتِغَآءَ مَرْضَاتِ ٱللَّهِ وَتَثْبِيتًۭا مِّنْ أَنفُسِهِمْ كَمَثَلِ جَنَّةٍۭ بِرَبْوَةٍ أَصَابَهَا وَابِلٌۭ فَـَٔاتَتْ أُكُلَهَا ضِعْفَيْنِ فَإِن لَّمْ يُصِبْهَا وَابِلٌۭ فَطَلٌّۭ ۗ وَٱللَّهُ بِمَا تَعْمَلُونَ بَصِيرٌ,0.5395,0.3838,0.5407,0.5407,REAL_ERROR
2,266,Ayawaddu aḥadukum an takūna lahu jannatum-min nakhīliw-wa-aʿnābin tajrī min taḥtihā l-anhāru lahu fīhā min kulli th-thamarāti wa-aṣābahu l-kibaru walahu dhurriyyatun ḍuʿafāu fa-aṣābahā iʿ'ṣārun fīhi nārun fa-iḥ'taraqat kadhālika yubayyinu l-lahu lakumu l-āyāti laʿallakum tatafakkarūn,Ayawaddu ahadukum an takoona lahoo jannatum min nakheelinw wa a'naabin tajree min tahtihal anhaaru lahoo feehaa min kullis samaraati wa asaabahul kibaru wa lahoo zurriyyatun du'afaaa'u fa asaabahaaa i'saarun feehi naarun fahtaraqat; kazaalika yubaiyinul laahu lakumul aayaati la'allakum tatafakkaroon,Ayawaddu ahadukum an takoona lahujannatun min nakheelin waaAAnabin tajree min tahtihaal-anharu lahu feeha min kulli aththamaratiwaasabahu alkibaru walahu thurriyyatun duAAafaofaasabaha iAAsarun feehi narun fahtaraqatkathalika yubayyinu Allahu lakumu al-ayatilaAAallakum tatafakkaroon,أَيَوَدُّ أَحَدُكُمْ أَن تَكُونَ لَهُۥ جَنَّةٌۭ مِّن نَّخِيلٍۢ وَأَعْنَابٍۢ تَجْرِى مِن تَحْتِهَا ٱلْأَنْهَٰرُ لَهُۥ فِيهَا مِن كُلِّ ٱلثَّمَرَٰتِ وَأَصَابَهُ ٱلْكِبَرُ وَلَهُۥ ذُرِّيَّةٌۭ ضُعَفَآءُ فَأَصَابَهَآ إِعْصَارٌۭ فِيهِ نَارٌۭ فَٱحْتَرَقَتْ ۗ كَذَٰلِكَ يُبَيِّنُ ٱللَّهُ لَكُمُ ٱلْءَايَٰتِ لَعَلَّكُمْ تَتَفَكَّرُونَ,0.254,0.2096,0.2544,0.2544,REAL_ERROR
2,267,Yāayyuhā alladhīna āmanū anfiqū min ṭayyibāti mā kasabtum wamimmā akhrajnā lakum mina l-arḍi walā tayammamū l-khabītha min'hu tunfiqūna walastum biākhidhīhi illā an tugh'miḍū fīhi wa-iʿ'lamū anna l-laha ghaniyyun ḥamīdun,Yaaa 'ayyuhal lazeena aamanooo anfiqoo min taiyibaati maa kasabtum wa mimmaaa akhrajuaa lakum minal ardi wa laa tayammamul khabeesa minhu tunfiqoona wa lastum bi aakhizeehi illaaa an tughmidoo feeh; wa'lamooo annal laaha Ghaniyyun Hameed,Ya ayyuha allatheena amanooanfiqoo min tayyibati ma kasabtum wamimmaakhrajna lakum mina al-ardi wala tayammamooalkhabeetha minhu tunfiqoona walastum bi-akhitheehiilla an tughmidoo feehi waAAlamoo anna Allahaghaniyyun hameed,يَٰٓأَيُّهَا ٱلَّذِينَ ءَامَنُوٓا۟ أَنفِقُوا۟ مِن طَيِّبَٰتِ مَا كَسَبْتُمْ وَمِمَّآ أَخْرَجْنَا لَكُم مِّنَ ٱلْأَرْضِ ۖ وَلَا تَيَمَّمُوا۟ ٱلْخَبِيثَ مِنْهُ تُنفِقُونَ وَلَسْتُم بِـَٔاخِذِيهِ إِلَّآ أَن تُغْمِضُوا۟ فِيهِ ۚ وَٱعْلَمُوٓا۟ أَنَّ ٱللَّهَ غَنِىٌّ حَمِيدٌ,0.4921,0.2731,0.4932,0.4932,REAL_ERROR
2,273,Lil'fuqarāi alladhīna uḥ'ṣirū fī sabīli l-lahi lā yastaṭīʿūna ḍarban fī l-arḍi yaḥsabuhumu l-jāhilu aghniyāa mina t-taʿafufi taʿrifuhum bisīmāhum lā yasalūna n-nāsa il'ḥāfaw-wamā tunfiqū min khayrin fa-inna l-laha bihi ʿalīmun,Lilfuqaraaa'il lazeena uhsiroo fee sabeelil laahi laa yastatee'oona darban fil ardi yah sabuhumul jaahilu aghniyaaa'a minat ta'affufi ta'rifuhum biseemaahum laa yas'aloonan naasa ilhaafaa; wa maa tunfiqoo min khairin fa innal laaha bihee 'Aleem,Lilfuqara-i allatheena ohsiroofee sabeeli Allahi la yastateeAAoona darbanfee al-ardi yahsabuhumu aljahilu aghniyaamina attaAAaffufi taAArifuhum biseemahum layas-aloona annasa ilhafan wamatunfiqoo min khayrin fa-inna Allaha bihi AAaleem,لِلْفُقَرَآءِ ٱلَّذِينَ أُحْصِرُوا۟ فِى سَبِيلِ ٱللَّهِ لَا يَسْتَطِيعُونَ ضَرْبًۭا فِى ٱلْأَرْضِ يَحْسَبُهُمُ ٱلْجَاهِلُ أَغْنِيَآءَ مِنَ ٱلتَّعَفُّفِ تَعْرِفُهُم بِسِيمَٰهُمْ لَا يَسْـَٔلُونَ ٱلنَّاسَ إِلْحَافًۭا ۗ وَمَا تُنفِقُوا۟ مِنْ خَيْرٍۢ فَإِنَّ ٱللَّهَ بِهِۦ عَلِيمٌ,0.2343,0.1927,0.2348,0.2348,REAL_ERROR
2,275,Alladhīna yakulūna r-riba lā yaqūmūna illā kamā yaqūmu alladhī yatakhabbaṭuhu sh-shayṭānu mina l-masi dhālika bi-annahum qālū innamā l-bayʿu mith'lu r-riba wa-aḥalla l-lahu l-bayʿa waḥarrama r-riba faman jāahu mawʿiẓatum-min rabbihi fa-intahā falahu mā salafa wa-amruhu ilā l-lahi waman ʿāda fa-ulāika aṣḥābu n-nāri hum fīhā khālidūn,Allazeena yaakuloonar ribaa laa yaqoomoona illaa kamaa yaqoomul lazee yatakhabbatuhush shaitaanu minal mass; zaalika bi annahum qaalooo innamal bai'u mishur ribaa; wa ahallal laahul bai'a wa harramar ribba; faman jaaa'ahoo maw'izatum mir rabbihee fantahaa falahoo maa salafa wa amruhooo ilal laahi wa man 'aada fa ulaaa 'ika Ashaabun naari hum feehaa khaalidoon,Allatheena ya/kuloona arribala yaqoomoona illa kama yaqoomu allatheeyatakhabbatuhu ashshaytanu mina almassi thalikabi-annahum qaloo innama albayAAu mithlu arribawaahalla Allahu albayAAa waharrama arribafaman jaahu mawAAithatun min rabbihi fantahafalahu ma salafa waamruhu ila Allahi wamanAAada faola-ika as-habu annarihum feeha khalidoon,ٱلَّذِينَ يَأْكُلُونَ ٱلرِّبَوٰا۟ لَا يَقُومُونَ إِلَّا كَمَا يَقُومُ ٱلَّذِى يَتَخَبَّطُهُ ٱلشَّيْطَٰنُ مِنَ ٱلْمَسِّ ۚ ذَٰلِكَ بِأَنَّهُمْ قَالُوٓا۟ إِنَّمَا ٱلْبَيْعُ مِثْلُ ٱلرِّبَوٰا۟ ۗ وَأَحَلَّ ٱللَّهُ ٱلْبَيْعَ وَحَرَّمَ ٱلرِّبَوٰا۟ ۚ فَمَن جَآءَهُۥ مَوْعِظَةٌۭ مِّن رَّبِّهِۦ فَٱنتَهَىٰ فَلَهُۥ مَا سَلَفَ وَأَمْرُهُۥٓ إِلَى ٱللَّهِ ۖ وَمَنْ عَادَ فَأُو۟لَٰٓئِكَ أَصْحَٰبُ ٱلنَّارِ ۖ هُمْ فِيهَا خَٰلِدُونَ,0.0179,0.0174,0.0179,0.0179,REAL_ERROR
2,282,Yāayyuhā alladhīna āmanū idhā tadāyantum bidaynin ilā ajalim-musamman fa-uk'tubūhu walyaktub baynakum kātibun bil-ʿadli walā yaba kātibun ay-yaktuba kamā ʿallamahu l-lahu falyaktub walyum'lili alladhī ʿalayhi l-ḥaqu walyattaqi l-laha rabbahu walā yabkhas min'hu shayan fa-in kāna alladhī ʿalayhi l-ḥaqu safīhan aw ḍaʿīfan aw lā yastaṭīʿu ay-yumilla huwa falyum'lil waliyyuhu bil-ʿadli wa-is'tashhidū shahīdayni mir-rijālikum fa-il-lam yakūnā rajulayni farajuluw-wa-im'ra-atāni mimman tarḍawna mina sh-shuhadāi an taḍilla iḥ'dāhumā fatudhakkira iḥ'dāhumā l-ukh'rā walā yaba sh-shuhadāu idhā mā duʿū walā tasamū an taktubūhu ṣaghīran aw kabīran ilā ajalihi dhālikum aqsaṭu ʿinda l-lahi wa-aqwamu lilshahādati wa-adnā allā tartābū illā an takūna tijāratan ḥāḍiratan tudīrūnahā baynakum falaysa ʿalaykum junāḥun allā taktubūhā wa-ashhidū idhā tabāyaʿtum walā yuḍārra kātibuw-walā shahīduw-wa-in tafʿalū fa-innahu fusūqun bikum wa-ittaqū l-laha wayuʿallimukumu l-lahu wal-lahu bikulli shayin ʿalīmun,Yaa ayyuhal lazeena aamanoo izaa tadaayantum bidinin ilaa ajalimmusamman faktubooh; walyaktub bainakum kaatibum bil'adl; wa laa yaaba kaatibun ai yaktuba kamaa 'allamahul laah; falyaktub walyumlilil lazee 'alaihil haqqu walyattaqil laaha rabbahoo wa laa yabkhas minhu shai'aa; fa in kaanal lazee 'alaihil lhaqqu safeehan aw da'eefan aw laa yastatee'u ai yumilla huwa falyumlil waliyyuhoo bil'adl; wastash hidoo shaheedaini mir rijaalikum fa il lam yakoonaa rajulaini farajulunw wamra ataani mimman tardawna minash shuhadaaa'i an tadilla ihdaahumaa fatuzakkira ihdaahumal ukhraa; wa laa yaabash shuhadaaa'u izaa maadu'oo; wa laa tas'amooo an taktuboohu sagheeran awkabeeran ilaaa ajalih; zaalikum aqsatu 'indal laahi wa aqwamu lishshahaadati wa adnaaa allaa tartaabooo illaaa an takoona tijaaratan haadiratan tudeeroonahaa bainakum falaisa 'alaikum junaahun allaa taktuboohan; wa ashidooo izaa tabaaya'tum; wa laa yudaaarra kaatibunw wa laa shaheed; wa in taf'aloo fa innahoo fusooqum bikum; wattaqul laaha wa yu'allimu kumul laah; wallaahu bikulli shai'in 'Aleem,Ya ayyuha allatheena amanooitha tadayantum bidaynin ila ajalin musammanfaktuboohu walyaktub baynakum katibun bilAAadliwala ya/ba katibun an yaktuba kamaAAallamahu Allahu falyaktub walyumlili allatheeAAalayhi alhaqqu walyattaqi Allaha rabbahu walayabkhas minhu shay-an fa-in kana allathee AAalayhialhaqqu safeehan aw daAAeefan aw la yastateeAAuan yumilla huwa falyumlil waliyyuhu bilAAadli wastashhidooshaheedayni min rijalikum fa-in lam yakoonarajulayni farajulun wamraatani mimman tardawnamina ashshuhada-i an tadilla ihdahumafatuthakkira ihdahuma al-okhrawala ya/ba ashshuhadao itha maduAAoo wala tas-amoo an taktuboohu sagheeran awkabeeran ila ajalihi thalikum aqsatu AAindaAllahi waaqwamu lishshahadati waadnaalla tartaboo illa an takoona tijaratanhadiratan tudeeroonaha baynakum falaysa AAalaykumjunahun alla taktubooha waashhidoo ithatabayaAAtum wala yudarra katibun walashaheedun wa-in tafAAaloo fa-innahu fusooqun bikum wattaqooAllaha wayuAAallimukumu Allahu wallahubikulli shay-in AAaleem,يَٰٓأَيُّهَا ٱلَّذِينَ ءَامَنُوٓا۟ إِذَا تَدَايَنتُم بِدَيْنٍ إِلَىٰٓ أَجَلٍۢ مُّسَمًّۭى فَٱكْتُبُوهُ ۚ وَلْيَكْتُب بَّيْنَكُمْ كَاتِبٌۢ بِٱلْعَدْلِ ۚ وَلَا يَأْبَ كَاتِبٌ أَن يَكْتُبَ كَمَا عَلَّمَهُ ٱللَّهُ ۚ فَلْيَكْتُبْ وَلْيُمْلِلِ ٱلَّذِى عَلَيْهِ ٱلْحَقُّ وَلْيَتَّقِ ٱللَّهَ رَبَّهُۥ وَلَا يَبْخَسْ مِنْهُ شَيْـًۭٔا ۚ فَإِن كَانَ ٱلَّذِى عَلَيْهِ ٱلْحَقُّ سَفِيهًا أَوْ ضَعِيفًا أَوْ لَا يَسْتَطِيعُ أَن يُمِلَّ هُوَ فَلْيُمْلِلْ وَلِيُّهُۥ بِٱلْعَدْلِ ۚ وَٱسْتَشْهِدُوا۟ شَهِيدَيْنِ مِن رِّجَالِكُمْ ۖ فَإِن لَّمْ يَكُونَا رَجُلَيْنِ فَرَجُلٌۭ وَٱمْرَأَتَانِ مِمَّن تَرْضَوْنَ مِنَ ٱلشُّهَدَآءِ أَن تَضِلَّ إِحْدَىٰهُمَا فَتُذَكِّرَ إِحْدَىٰهُمَا ٱلْأُخْرَىٰ ۚ وَلَا يَأْبَ ٱلشُّهَدَآءُ إِذَا مَا دُعُوا۟ ۚ وَلَا تَسْـَٔمُوٓا۟ أَن تَكْتُبُوهُ صَغِيرًا أَوْ كَبِيرًا إِلَىٰٓ أَجَلِهِۦ ۚ ذَٰلِكُمْ أَقْسَطُ عِندَ ٱللَّهِ وَأَقْوَمُ لِلشَّهَٰدَةِ وَأَدْنَىٰٓ أَلَّا تَرْتَابُوٓا۟ ۖ إِلَّآ أَن تَكُونَ تِجَٰرَةً حَاضِرَةًۭ تُدِيرُونَهَا بَيْنَكُمْ فَلَيْسَ عَلَيْكُمْ جُنَاحٌ أَلَّا تَكْتُبُوهَا ۗ وَأَشْهِدُوٓا۟ إِذَا تَبَايَعْتُمْ ۚ وَلَا يُضَآرَّ كَاتِبٌۭ وَلَا شَهِيدٌۭ ۚ وَإِن تَفْعَلُوا۟ فَإِنَّهُۥ فُسُوقٌۢ بِكُمْ ۗ وَٱتَّقُوا۟ ٱللَّهَ ۖ وَيُعَلِّمُكُمُ ٱللَّهُ ۗ وَٱللَّهُ بِكُلِّ شَىْءٍ عَلِيمٌۭ,0.1678,0.1183,0.1684,0.1684,REAL_ERROR
2,283,Wa-in kuntum ʿalā safariw-walam tajidū kātiban farihānum-maqbūḍatun fa-in amina baʿḍukum baʿḍan falyu-addi alladhī u'tumina amānatahu walyattaqi l-laha rabbahu walā taktumū sh-shahādata wamay-yaktum'hā fa-innahu āthimun qalbuhu wal-lahu bimā taʿmalūna ʿalīmun,Wa in kuntum 'alaa safarinw wa lam tajidoo kaatiban farihaanum maqboodatun fa in amina ba'dukum ba'dan falyu'addil lazi tumina amaa natahoo walyattaqil laaha Rabbah; wa laa taktumush shahaadah; wa mai yaktumhaa fa innahooo aasimun qalbuh; wallaahu bimaa ta'maloona 'Aleem,Wa-in kuntum AAala safarin walamtajidoo katiban farihanun maqboodatun fa-inamina baAAdukum baAAdan falyu-addiallatheei/tumina amanatahu walyattaqi Allaha rabbahuwala taktumoo ashshahadata waman yaktumhafa-innahu athimun qalbuhu wallahu bimataAAmaloona AAaleem,۞ وَإِن كُنتُمْ عَلَىٰ سَفَرٍۢ وَلَمْ تَجِدُوا۟ كَاتِبًۭا فَرِهَٰنٌۭ مَّقْبُوضَةٌۭ ۖ فَإِنْ أَمِنَ بَعْضُكُم بَعْضًۭا فَلْيُؤَدِّ ٱلَّذِى ٱؤْتُمِنَ أَمَٰنَتَهُۥ وَلْيَتَّقِ ٱللَّهَ رَبَّهُۥ ۗ وَلَا تَكْتُمُوا۟ ٱلشَّهَٰدَةَ ۚ وَمَن يَكْتُمْهَا فَإِنَّهُۥٓ ءَاثِمٌۭ قَلْبُهُۥ ۗ وَٱللَّهُ بِمَا تَعْمَلُونَ عَلِيمٌۭ,0.583,0.4971,0.5853,0.5853,REAL_ERROR
2,285,Āmana r-rasūlu bimā unzila ilayhi mir-rabbihi wal-mu'minūna kullun āmana bil-lahi wamalāikatihi wakutubihi warusulihi lā nufarriqu bayna aḥadim-min rusulihi waqālū samiʿ'nā wa-aṭaʿnā ghuf'rānaka rabbanā wa-ilayka l-maṣīr,Aamanar-Rasoolu bimaaa unzila ilaihi mir-Rabbihee walmu'minoon; kullun aamana billaahi wa Malaaa'ikathihee wa Kutubhihee wa Rusulih laa nufarriqu baina ahadim-mir-Rusulihee wa qaaloo sami'naa wa ata'naa ghufraanaka Rabbanaa wa ilaikal-maseer,Amana arrasoolu bimaonzila ilayhi min rabbihi walmu/minoona kullun amanabillahi wamala-ikatihi wakutubihiwarusulihi la nufarriqu bayna ahadin min rusulihiwaqaloo samiAAna waataAAna ghufranakarabbana wa-ilayka almaseer,ءَامَنَ ٱلرَّسُولُ بِمَآ أُنزِلَ إِلَيْهِ مِن رَّبِّهِۦ وَٱلْمُؤْمِنُونَ ۚ كُلٌّ ءَامَنَ بِٱللَّهِ وَمَلَٰٓئِكَتِهِۦ وَكُتُبِهِۦ وَرُسُلِهِۦ لَا نُفَرِّقُ بَيْنَ أَحَدٍۢ مِّن رُّسُلِهِۦ ۚ وَقَالُوا۟ سَمِعْنَا وَأَطَعْنَا ۖ غُفْرَانَكَ رَبَّنَا وَإِلَيْكَ ٱلْمَصِيرُ,0.4897,0.2876,0.4908,0.4908,REAL_ERROR
2,286,Lā yukallifu l-lahu nafsan illā wus'ʿahā lahā mā kasabat waʿalayhā mā ik'tasabat rabbanā lā tuākhidh'nā in-nasīnā aw akhṭanā rabbanā walā taḥmil ʿalaynā iṣ'ran kamā ḥamaltahu ʿalā alladhīna min qablinā rabbanā walā tuḥammil'nā mā lā ṭāqata lanā bihi wa-uʿ'fu ʿannā wa-igh'fir lanā wa-ir'ḥamnā anta mawlānā fa-unṣur'nā ʿalā l-qawmi l-kāfirīn,Laa yukalliful-laahu nafsan illaa wus'ahaa; lahaa maa kasabat wa 'alaihaa maktasabat; Rabbanaa la tu'aakhiznaa in naseenaaa aw akhtaanaa; Rabbanaa wa laa tahmil-'alainaaa isran kamaa hamaltahoo 'alal-lazeena min qablinaa; Rabbanaa wa laa tuhammilnaa maa laa taaqata lanaa bih wa'fu 'annaa waghfir lanaa warhamnaa; Anta mawlaanaa fansurnaa 'alal qawmil kaafireen,La yukallifu Allahu nafsanilla wusAAaha laha ma kasabatwaAAalayha ma iktasabat rabbana latu-akhithna in naseena aw akhta/narabbana wala tahmil AAalayna isrankama hamaltahu AAala allatheena minqablina rabbana wala tuhammilnama la taqata lana bihi waAAfuAAanna waghfir lana warhamnaanta mawlana fansurna AAalaalqawmi alkafireen,لَا يُكَلِّفُ ٱللَّهُ نَفْسًا إِلَّا وُسْعَهَا ۚ لَهَا مَا كَسَبَتْ وَعَلَيْهَا مَا ٱكْتَسَبَتْ ۗ رَبَّنَا لَا تُؤَاخِذْنَآ إِن نَّسِينَآ أَوْ أَخْطَأْنَا ۚ رَبَّنَا وَلَا تَحْمِلْ عَلَيْنَآ إِصْرًۭا كَمَا حَمَلْتَهُۥ عَلَى ٱلَّذِينَ مِن قَبْلِنَا ۚ رَبَّنَا وَلَا تُحَمِّلْنَا مَا لَا طَاقَةَ لَنَا بِهِۦ ۖ وَٱعْفُ عَنَّا وَٱغْفِرْ لَنَا وَٱرْحَمْنَآ ۚ أَنتَ مَوْلَىٰنَا فَٱنصُرْنَا عَلَى ٱلْقَوْمِ ٱلْكَٰفِرِينَ,0.2887,0.1314,0.2914,0.2914,REAL_ERROR
5,2,Yāayyuhā alladhīna āmanū lā tuḥillū shaʿāira l-lahi walā sh-shahra l-ḥarāma walā l-hadya walā l-qalāida walā āmmīna l-bayta l-ḥarāma yabtaghūna faḍlam-min rabbihim wariḍ'wānaw-wa-idhā ḥalaltum fa-iṣ'ṭādū walā yajrimannakum shanaānu qawmin an ṣaddūkum ʿani l-masjidi l-ḥarāmi an taʿtadū wataʿāwanū ʿalā l-biri wal-taqwā walā taʿāwanū ʿalā l-ith'mi wal-ʿud'wāni wa-ittaqū l-laha inna l-laha shadīdu l-ʿiqāb,Yaaa aiyuhal lazeena aamanoo laa tuhilloo sha'aaa 'iral laahi wa lash Shahral Haraama wa lal hadya wa lal qalaaa'ida wa laa aaammeenal Baital Haraama yabtaghoona fadlam mir Rabbihim wa ridwaanaa; wa izaa halaltum fastaadoo; wa laa yajrimannakum shana aanu qawmin an saddookum 'anil Masjidil-Haraami an ta'tadoo; wa ta'aawanoo 'alalbirri wattaqwaa; wa laa ta'aawanoo 'alal ismi wal'udwaan; wattaqul laah; innal laaha shadeedul 'iqaab,Ya ayyuha allatheena amanoola tuhilloo shaAAa-ira Allahi walaashshahra alharama wala alhadya walaalqala-ida wala ammeena albayta alharamayabtaghoona fadlan min rabbihim waridwananwa-itha halaltum fastadoo walayajrimannakum shanaanu qawmin an saddookum AAanialmasjidi alharami an taAAtadoo wataAAawanooAAala albirri wattaqwa wala taAAawanooAAala al-ithmi walAAudwani wattaqooAllaha inna Allaha shadeedu alAAiqab,يَٰٓأَيُّهَا ٱلَّذِينَ ءَامَنُوا۟ لَا تُحِلُّوا۟ شَعَٰٓئِرَ ٱللَّهِ وَلَا ٱلشَّهْرَ ٱلْحَرَامَ وَلَا ٱلْهَدْىَ وَلَا ٱلْقَلَٰٓئِدَ وَلَآ ءَآمِّينَ ٱلْبَيْتَ ٱلْحَرَامَ يَبْتَغُونَ فَضْلًۭا مِّن رَّبِّهِمْ وَرِضْوَٰنًۭا ۚ وَإِذَا حَلَلْتُمْ فَٱصْطَادُوا۟ ۚ وَلَا يَجْرِمَنَّكُمْ شَنَـَٔانُ قَوْمٍ أَن صَدُّوكُمْ عَنِ ٱلْمَسْجِدِ ٱلْحَرَامِ أَن تَعْتَدُوا۟ ۘ وَتَعَاوَنُوا۟ عَلَى ٱلْبِرِّ وَٱلتَّقْوَىٰ ۖ وَلَا تَعَاوَنُوا۟ عَلَى ٱلْإِثْمِ وَٱلْعُدْوَٰنِ ۚ وَٱتَّقُوا۟ ٱللَّهَ ۖ إِنَّ ٱللَّهَ شَدِيدُ ٱلْعِقَابِ,0.258,0.039,0.2621,0.2621,REAL_ERROR
5,3,Ḥurrimat ʿalaykumu l-maytatu wal-damu walaḥmu l-khinzīri wamā uhilla lighayri l-lahi bihi wal-mun'khaniqatu wal-mawqūdhatu wal-mutaradiyatu wal-naṭīḥatu wamā akala s-sabuʿu illā mā dhakkaytum wamā dhubiḥa ʿalā n-nuṣubi wa-an tastaqsimū bil-azlāmi dhālikum fis'qul-l-yawma ya-isa alladhīna kafarū min dīnikum falā takhshawhum wa-ikh'shawni l-yawma akmaltu lakum dīnakum wa-atmamtu ʿalaykum niʿ'matī waraḍītu lakumu l-is'lāma dīnan famani uḍ'ṭurra fī makhmaṣatin ghayra mutajānifil-li-ith'min fa-inna l-laha ghafūrur-raḥīmun,Hurrimat 'alaikumul maitatu waddamu wa lahmul khinzeeri wa maaa uhilla lighiril laahi bihee walmun khani qatu wal mawqoozatu wal mutarad diyatu wanna teehatu wa maaa akalas sabu'u illaa maa zakkaitum wa maa zubiha 'alan nusubi wa an tastaqsimoo bil azlaam; zaalikum fisq; alyawma ya'isal lazeena kafaroo min deenikum falaa takhshawhum wakh shawn; alyawma akmaltu lakum deenakum wa atmamtu 'alaikum ni'matee wa radeetu lakumul Islaama deenaa; famanidturra fee makhmasatin ghaira mutajaanifil li ismin fa innallaaha Ghafoorur Raheem,Hurrimat AAalaykumu almaytatu waddamuwalahmu alkhinzeeri wama ohilla lighayri Allahibihi walmunkhaniqatu walmawqoothatu walmutaraddiyatuwannateehatu wama akala assabuAAuilla ma thakkaytum wama thubihaAAala annusubi waan tastaqsimoo bil-azlamithalikum fisqun alyawma ya-isa allatheena kafaroomin deenikum fala takhshawhum wakhshawni alyawmaakmaltu lakum deenakum waatmamtu AAalaykum niAAmatee waradeetulakumu al-islama deenan famani idturra fee makhmasatinghayra mutajanifin li-ithmin fa-inna Allahaghafoorun raheem,حُرِّمَتْ عَلَيْكُمُ ٱلْمَيْتَةُ وَٱلدَّمُ وَلَحْمُ ٱلْخِنزِيرِ وَمَآ أُهِلَّ لِغَيْرِ ٱللَّهِ بِهِۦ وَٱلْمُنْخَنِقَةُ وَٱلْمَوْقُوذَةُ وَٱلْمُتَرَدِّيَةُ وَٱلنَّطِيحَةُ وَمَآ أَكَلَ ٱلسَّبُعُ إِلَّا مَا ذَكَّيْتُمْ وَمَا ذُبِحَ عَلَى ٱلنُّصُبِ وَأَن تَسْتَقْسِمُوا۟ بِٱلْأَزْلَٰمِ ۚ ذَٰلِكُمْ فِسْقٌ ۗ ٱلْيَوْمَ يَئِسَ ٱلَّذِينَ كَفَرُوا۟ مِن دِينِكُمْ فَلَا تَخْشَوْهُمْ وَٱخْشَوْنِ ۚ ٱلْيَوْمَ أَكْمَلْتُ لَكُمْ دِينَكُمْ وَأَتْمَمْتُ عَلَيْكُمْ نِعْمَتِى وَرَضِيتُ لَكُمُ ٱلْإِسْلَٰمَ دِينًۭا ۚ فَمَنِ ٱضْطُرَّ فِى مَخْمَصَةٍ غَيْرَ مُتَجَانِفٍۢ لِّإِثْمٍۢ ۙ فَإِنَّ ٱللَّهَ غَفُورٌۭ رَّحِيمٌۭ,0.2297,0.0403,0.2326,0.2326,REAL_ERROR
5,4,Yasalūnaka mādhā uḥilla lahum qul uḥilla lakumu ṭ-ṭayibātu wamā ʿallamtum mina l-jawāriḥi mukallibīna tuʿallimūnahunna mimmā ʿallamakumu l-lahu fakulū mimmā amsakna ʿalaykum wa-udh'kurū is'ma l-lahi ʿalayhi wa-ittaqū l-laha inna l-laha sarīʿu l-ḥisāb,Yas'aloonaka maazaaa uhilla lahum; qul uhilla lakumuttaiyibaatu wa maa'allamtum minal jawaarihi mukallibeena tu'allimoonahunnamimmaa 'allamakumul laahu fakuloo mimmaaa amsakna 'alaikum wazkurus mal laahi 'alaih; wattaqul laah; innal laaha saree'ul hisaab,Yas-aloonaka matha ohilla lahumqul ohilla lakumu attayyibatu wamaAAallamtum mina aljawarihi mukallibeenatuAAallimoonahunna mimma AAallamakumu Allahufakuloo mimma amsakna AAalaykum wathkurooisma Allahi AAalayhi wattaqoo Allaha innaAllaha sareeAAu alhisab,يَسْـَٔلُونَكَ مَاذَآ أُحِلَّ لَهُمْ ۖ قُلْ أُحِلَّ لَكُمُ ٱلطَّيِّبَٰتُ ۙ وَمَا عَلَّمْتُم مِّنَ ٱلْجَوَارِحِ مُكَلِّبِينَ تُعَلِّمُونَهُنَّ مِمَّا عَلَّمَكُمُ ٱللَّهُ ۖ فَكُلُوا۟ مِمَّآ أَمْسَكْنَ عَلَيْكُمْ وَٱذْكُرُوا۟ ٱسْمَ ٱللَّهِ عَلَيْهِ ۖ وَٱتَّقُوا۟ ٱللَّهَ ۚ إِنَّ ٱللَّهَ سَرِيعُ ٱلْحِسَابِ,0.3414,0.3441,0.2405,0.3441,REAL_ERROR
5,5,Al-yawma uḥilla lakumu ṭ-ṭayibātu waṭaʿāmu alladhīna ūtū l-kitāba ḥillul-lakum waṭaʿāmukum ḥillul-lahum wal-muḥ'ṣanātu mina l-mu'mināti wal-muḥ'ṣanātu mina alladhīna ūtū l-kitāba min qablikum idhā ātaytumūhunna ujūrahunna muḥ'ṣinīna ghayra musāfiḥīna walā muttakhidhī akhdāniw-waman yakfur bil-īmāni faqad ḥabiṭa ʿamaluhu wahuwa fī l-ākhirati mina l-khāsirīn,Alyawma uhilla lakumut taiyibaatu wa ta'aamul lazeena ootul Kitaaba hillul lakum wa ta'aamukum hillul lahum wal muhsanaatu minal mu'minaati walmuhsanaatu minal lazeena ootul Kitaaba min qablikum izaaa aataitumoohunna ujoorahunna muhsineena ghaira musaafiheena wa laa muttakhizeee akhdaan; wa mai yakfur bil eemaani faqad habita 'amaluhoo wa huwa fil Aaakhirati minal khaasireen,Alyawma ohilla lakumu attayyibatuwataAAamu allatheena ootoo alkitaba hillunlakum wataAAamukum hillun lahum walmuhsanatumina almu/minati walmuhsanatu minaallatheena ootoo alkitaba min qablikum itha ataytumoohunnaojoorahunna muhsineena ghayra musafiheenawala muttakhithee akhdanin waman yakfur bil-eemanifaqad habita AAamaluhu wahuwa fee al-akhiratimina alkhasireen,ٱلْيَوْمَ أُحِلَّ لَكُمُ ٱلطَّيِّبَٰتُ ۖ وَطَعَامُ ٱلَّذِينَ أُوتُوا۟ ٱلْكِتَٰبَ حِلٌّۭ لَّكُمْ وَطَعَامُكُمْ حِلٌّۭ لَّهُمْ ۖ وَٱلْمُحْصَنَٰتُ مِنَ ٱلْمُؤْمِنَٰتِ وَٱلْمُحْصَنَٰتُ مِنَ ٱلَّذِينَ أُوتُوا۟ ٱلْكِتَٰبَ مِن قَبْلِكُمْ إِذَآ ءَاتَيْتُمُوهُنَّ أُجُورَهُنَّ مُحْصِنِينَ غَيْرَ مُسَٰفِحِينَ وَلَا مُتَّخِذِىٓ أَخْدَانٍۢ ۗ وَمَن يَكْفُرْ بِٱلْإِيمَٰنِ فَقَدْ حَبِطَ عَمَلُهُۥ وَهُوَ فِى ٱلْءَاخِرَةِ مِنَ ٱلْخَٰسِرِينَ,0.0819,0.082,0.0167,0.082,REAL_ERROR
5,6,Yāayyuhā alladhīna āmanū idhā qum'tum ilā ṣ-ṣalati fa-igh'silū wujūhakum wa-aydiyakum ilā l-marāfiqi wa-im'saḥū biruūsikum wa-arjulakum ilā l-kaʿbayni wa-in kuntum junuban fa-iṭṭahharū wa-in kuntum marḍā aw ʿalā safarin aw jāa aḥadum-minkum mina l-ghāiṭi aw lāmastumu n-nisāa falam tajidū māan fatayammamū ṣaʿīdan ṭayyiban fa-im'saḥū biwujūhikum wa-aydīkum min'hu mā yurīdu l-lahu liyajʿala ʿalaykum min ḥarajiw-walākin yurīdu liyuṭahhirakum waliyutimma niʿ'matahu ʿalaykum laʿallakum tashkurūn,Yaaa aiyuhal lazeena aamanoo izaa qumtum ilas Salaati faghsiloo wujoohakum wa Aidiyakum ilal maraafiqi wamsahoo biru'oosikum wa arjulakum ilal ka'bayn; wa in kuntum junuban fattahharoo; wain kuntum mardaaa aw'alaa safarin aw jaaa'a ahadum minkum minal ghaaa'iti aw laamastumunnisaaa'a falam tajidoo maaa'an fatayammamoo sa'eedan taiyiban famsahoo biwujoohikum wa aideekum minh; ma yureedul laahu liyaj'ala 'alaikum min harajinw wa laakidy yureedu liyutahhirakum wa liyutimma m'matahoo 'alaikum la'allakum tashkuroon,Ya ayyuha allatheena amanooitha qumtum ila assalati faghsiloowujoohakum waaydiyakum ila almarafiqi wamsahoobiruoosikum waarjulakum ila alkaAAbayni wa-in kuntumjunuban fattahharoo wa-in kuntum marda awAAala safarin aw jaa ahadun minkum mina algha-itiaw lamastumu annisaa falam tajidoo maanfatayammamoo saAAeedan tayyiban famsahoobiwujoohikum waaydeekum minhu ma yureedu AllahuliyajAAala AAalaykum min harajin walakin yureeduliyutahhirakum waliyutimma niAAmatahu AAalaykumlaAAallakum tashkuroon,يَٰٓأَيُّهَا ٱلَّذِينَ ءَامَنُوٓا۟ إِذَا قُمْتُمْ إِلَى ٱلصَّلَوٰةِ فَٱغْسِلُوا۟ وُجُوهَكُمْ وَأَيْدِيَكُمْ إِلَى ٱلْمَرَافِقِ وَٱمْسَحُوا۟ بِرُءُوسِكُمْ وَأَرْجُلَكُمْ إِلَى ٱلْكَعْبَيْنِ ۚ وَإِن كُنتُمْ جُنُبًۭا فَٱطَّهَّرُوا۟ ۚ وَإِن كُنتُم مَّرْضَىٰٓ أَوْ عَلَىٰ سَفَرٍ أَوْ جَآءَ أَحَدٌۭ مِّنكُم مِّنَ ٱلْغَآئِطِ أَوْ لَٰمَسْتُمُ ٱلنِّسَآءَ فَلَمْ تَجِدُوا۟ مَآءًۭ فَتَيَمَّمُوا۟ صَعِيدًۭا طَيِّبًۭا فَٱمْسَحُوا۟ بِوُجُوهِكُمْ وَأَيْدِيكُم مِّنْهُ ۚ مَا يُرِيدُ ٱللَّهُ لِيَجْعَلَ عَلَيْكُم مِّنْ حَرَجٍۢ وَلَٰكِن يُرِيدُ لِيُطَهِّرَكُمْ وَلِيُتِمَّ نِعْمَتَهُۥ عَلَيْكُمْ لَعَلَّكُمْ تَشْكُرُونَ,0.1542,0.15,0.1548,0.1548,REAL_ERROR
5,8,Yāayyuhā alladhīna āmanū kūnū qawwāmīna lillahi shuhadāa bil-qis'ṭi walā yajrimannakum shanaānu qawmin ʿalā allā taʿdilū iʿ'dilū huwa aqrabu lilttaqwā wa-ittaqū l-laha inna l-laha khabīrun bimā taʿmalūn,"Yaaa aiyuhal lazeena aamaanoo koonoo qawwaa meena lillaahi shuhadaaa'a bilqist, wa laa yajrimannakum shana aanu qawmin 'alaaa allaa ta'diloo; i'diloo; huwa aqrabu littaqwaa wattaqul laah; innal laaha khabeerum bimaa ta'maloon",Ya ayyuha allatheena amanookoonoo qawwameena lillahi shuhadaa bilqistiwala yajrimannakum shanaanu qawmin AAala allataAAdiloo iAAdiloo huwa aqrabu littaqwa wattaqooAllaha inna Allaha khabeerun bima taAAmaloon,يَٰٓأَيُّهَا ٱلَّذِينَ ءَامَنُوا۟ كُونُوا۟ قَوَّٰمِينَ لِلَّهِ شُهَدَآءَ بِٱلْقِسْطِ ۖ وَلَا يَجْرِمَنَّكُمْ شَنَـَٔانُ قَوْمٍ عَلَىٰٓ أَلَّا تَعْدِلُوا۟ ۚ ٱعْدِلُوا۟ هُوَ أَقْرَبُ لِلتَّقْوَىٰ ۖ وَٱتَّقُوا۟ ٱللَّهَ ۚ إِنَّ ٱللَّهَ خَبِيرٌۢ بِمَا تَعْمَلُونَ,0.3961,0.319,0.4029,0.4029,REAL_ERROR
5,12,Walaqad akhadha l-lahu mīthāqa banī is'rāīla wabaʿathnā min'humu ith'nay ʿashara naqībaw-waqāla l-lahu innī maʿakum la-in aqamtumu ṣ-ṣalata waātaytumu z-zakata waāmantum birusulī waʿazzartumūhum wa-aqraḍtumu l-laha qarḍan ḥasanal-la-ukaffiranna ʿankum sayyiātikum wala-ud'khilannakum jannātin tajrī min taḥtihā l-anhāru faman kafara baʿda dhālika minkum faqad ḍalla sawāa s-sabīl,Wa laqad akhazal laahu meesaaqa Banee Israaa'eela wa ba'sanaa minhumus ani 'ashara naqeebanw wa qaalal laahu innee ma'akum la'in aqamtumus Salaata wa aataitumuz Zakaata wa aamantum bi Rusulee wa'azzartumoohum wa aqradtumul laaha qardan hasanal la ukaffiranna 'ankum saiyiaatikum wa la udkhilan nakum Jannaatin tajree min tahtihal anhaar; faman kafara ba'da zaalika minkum faqad dalla sawaaa'as Sabeel,Walaqad akhatha Allahu meethaqabanee isra-eela wabaAAathna minhumu ithnay AAasharanaqeeban waqala Allahu innee maAAakum la-inaqamtumu assalata waataytumu azzakatawaamantum birusulee waAAazzartumoohum waaqradtumuAllaha qardan hasanan laokaffiranna AAankumsayyi-atikum walaodkhilannakum jannatin tajree mintahtiha al-anharu faman kafara baAAda thalikaminkum faqad dalla sawaa assabeel,۞ وَلَقَدْ أَخَذَ ٱللَّهُ مِيثَٰقَ بَنِىٓ إِسْرَٰٓءِيلَ وَبَعَثْنَا مِنْهُمُ ٱثْنَىْ عَشَرَ نَقِيبًۭا ۖ وَقَالَ ٱللَّهُ إِنِّى مَعَكُمْ ۖ لَئِنْ أَقَمْتُمُ ٱلصَّلَوٰةَ وَءَاتَيْتُمُ ٱلزَّكَوٰةَ وَءَامَنتُم بِرُسُلِى وَعَزَّرْتُمُوهُمْ وَأَقْرَضْتُمُ ٱللَّهَ قَرْضًا حَسَنًۭا لَّأُكَفِّرَنَّ عَنكُمْ سَيِّـَٔاتِكُمْ وَلَأُدْخِلَنَّكُمْ جَنَّٰتٍۢ تَجْرِى مِن تَحْتِهَا ٱلْأَنْهَٰرُ ۚ فَمَن كَفَرَ بَعْدَ ذَٰلِكَ مِنكُمْ فَقَدْ ضَلَّ سَوَآءَ ٱلسَّبِيلِ,0.1787,0.0568,0.1818,0.1818,REAL_ERROR
5,13,Fabimā naqḍihim mīthāqahum laʿannāhum wajaʿalnā qulūbahum qāsiyatay-yuḥarrifūna l-kalima ʿam-mawāḍiʿihi wanasū ḥaẓẓam-mimmā dhukkirū bihi walā tazālu taṭṭaliʿu ʿalā khāinatim-min'hum illā qalīlam-min'hum fa-uʿ'fu ʿanhum wa-iṣ'faḥ inna l-laha yuḥibbu l-muḥ'sinīn,Fabimaa naqdihim meesaa qahum la'annaahum wa ja'alnaa quloobahum qaasiyatany yuharrifoonal kalima 'ammawaadi'ihee wa nasoo hazzam mimmaa zukkiroo bih; khaaa'inatim minhum illaa qaleelam minhum fa'fu 'anhum wasfah; innal laaha yuhibbul muhsineen,Fabima naqdihim meethaqahumlaAAannahum wajaAAalna quloobahum qasiyatanyuharrifoona alkalima AAan mawadiAAihi wanasoo haththanmimma thukkiroo bihi wala tazalu tattaliAAuAAala kha-inatin minhum illa qaleelan minhumfaAAfu AAanhum wasfah inna Allahayuhibbu almuhsineen,فَبِمَا نَقْضِهِم مِّيثَٰقَهُمْ لَعَنَّٰهُمْ وَجَعَلْنَا قُلُوبَهُمْ قَٰسِيَةًۭ ۖ يُحَرِّفُونَ ٱلْكَلِمَ عَن مَّوَاضِعِهِۦ ۙ وَنَسُوا۟ حَظًّۭا مِّمَّا ذُكِّرُوا۟ بِهِۦ ۚ وَلَا تَزَالُ تَطَّلِعُ عَلَىٰ خَآئِنَةٍۢ مِّنْهُمْ إِلَّا قَلِيلًۭا مِّنْهُمْ ۖ فَٱعْفُ عَنْهُمْ وَٱصْفَحْ ۚ إِنَّ ٱللَّهَ يُحِبُّ ٱلْمُحْسِنِينَ,0.259,0.2133,0.261,0.261,REAL_ERROR
5,14,Wamina alladhīna qālū innā naṣārā akhadhnā mīthāqahum fanasū ḥaẓẓam-mimmā dhukkirū bihi fa-aghraynā baynahumu l-ʿadāwata wal-baghḍāa ilā yawmi l-qiyāmati wasawfa yunabbi-uhumu l-lahu bimā kānū yaṣnaʿūn,Wa minal lazeena qaalooo innaa nasaaraaa akhaznaa meesaaqahum fanasoo hazzam mimmaa zukkiroo bihee fa aghrainaa binahumul 'adaawata walbaghdaaa'a ilaa yawmil Qiyaamah; wa sawfa yunabbi'uhumul laahu bimaa kaanoo yasna'oon,Wamina allatheena qaloo innanasara akhathna meethaqahumfanasoo haththan mimma thukkiroobihi faaghrayna baynahumu alAAadawata walbaghdaaila yawmi alqiyamati wasawfa yunabbi-ohumu Allahubima kanoo yasnaAAoon,وَمِنَ ٱلَّذِينَ قَالُوٓا۟ إِنَّا نَصَٰرَىٰٓ أَخَذْنَا مِيثَٰقَهُمْ فَنَسُوا۟ حَظًّۭا مِّمَّا ذُكِّرُوا۟ بِهِۦ فَأَغْرَيْنَا بَيْنَهُمُ ٱلْعَدَاوَةَ وَٱلْبَغْضَآءَ إِلَىٰ يَوْمِ ٱلْقِيَٰمَةِ ۚ وَسَوْفَ يُنَبِّئُهُمُ ٱللَّهُ بِمَا كَانُوا۟ يَصْنَعُونَ,0.0739,0.0383,0.0741,0.0741,REAL_ERROR
5,17,Laqad kafara alladhīna qālū inna l-laha huwa l-masīḥu ub'nu maryama qul famay-yamliku mina l-lahi shayan in arāda ay-yuh'lika l-masīḥa ib'na maryama wa-ummahu waman fī l-arḍi jamīʿaw-walillahi mul'ku s-samāwāti wal-arḍi wamā baynahumā yakhluqu mā yashāu wal-lahu ʿalā kulli shayin qadīrun,"Laqad kafaral lazeena qaalooo innal laaha huwal maseehub nu Maryam; qul famany-yamliku minal laahi shai'an in araada ai yuhlikal Maseehab na Maryama wa ummahoo wa man fil ardi jamee'aa, wa lillaahi mmulkus samaawaati wal ardi wa maa bainahumaa; yakhluqu maa Yashaaa'; wakhluqu maa yashaaa'; wallaahu 'alaa kulli shai'in Qadeer",Laqad kafara allatheena qalooinna Allaha huwa almaseehu ibnu maryama qul famanyamliku mina Allahi shay-an in arada an yuhlikaalmaseeha ibna maryama waommahu waman fee al-ardijameeAAan walillahi mulku assamawatiwal-ardi wama baynahuma yakhluqu mayashao wallahu AAala kulli shay-inqadeer,لَّقَدْ كَفَرَ ٱلَّذِينَ قَالُوٓا۟ إِنَّ ٱللَّهَ هُوَ ٱلْمَسِيحُ ٱبْنُ مَرْيَمَ ۚ قُلْ فَمَن يَمْلِكُ مِنَ ٱللَّهِ شَيْـًٔا إِنْ أَرَادَ أَن يُهْلِكَ ٱلْمَسِيحَ ٱبْنَ مَرْيَمَ وَأُمَّهُۥ وَمَن فِى ٱلْأَرْضِ جَمِيعًۭا ۗ وَلِلَّهِ مُلْكُ ٱلسَّمَٰوَٰتِ وَٱلْأَرْضِ وَمَا بَيْنَهُمَا ۚ يَخْلُقُ مَا يَشَآءُ ۚ وَٱللَّهُ عَلَىٰ كُلِّ شَىْءٍۢ قَدِيرٌۭ,0.3525,0.2942,0.3531,0.3531,REAL_ERROR
5,18,Waqālati l-yahūdu wal-naṣārā naḥnu abnāu l-lahi wa-aḥibbāuhu qul falima yuʿadhibukum bidhunūbikum bal antum basharum-mimman khalaqa yaghfiru limay-yashāu wayuʿadhibu may-yashāu walillahi mul'ku s-samāwāti wal-arḍi wamā baynahumā wa-ilayhi l-maṣīr,Wa qaalatil Yahoodu wan Nasaaraa nahnu abnaaa'ul laahi wa ahibbaaa'uh; qul falima yu'azzibukum bizunoobikum bal antum basharum mimmman khalaq; yaghfiru limai yashaaa'u wa yu'azzibu mai yashaaa'; wa lillaahi mulkus samaawaati wal ardi wa maa bainahumaa wa ilaihil maseer,Waqalati alyahoodu wannasaranahnu abnao Allahi waahibbaohuqul falima yuAAaththibukum bithunoobikum bal antumbasharun mimman khalaqa yaghfiru liman yashao wayuAAaththibuman yashao walillahi mulku assamawatiwal-ardi wama baynahuma wa-ilayhialmaseer,وَقَالَتِ ٱلْيَهُودُ وَٱلنَّصَٰرَىٰ نَحْنُ أَبْنَٰٓؤُا۟ ٱللَّهِ وَأَحِبَّٰٓؤُهُۥ ۚ قُلْ فَلِمَ يُعَذِّبُكُم بِذُنُوبِكُم ۖ بَلْ أَنتُم بَشَرٌۭ مِّمَّنْ خَلَقَ ۚ يَغْفِرُ لِمَن يَشَآءُ وَيُعَذِّبُ مَن يَشَآءُ ۚ وَلِلَّهِ مُلْكُ ٱلسَّمَٰوَٰتِ وَٱلْأَرْضِ وَمَا بَيْنَهُمَا ۖ وَإِلَيْهِ ٱلْمَصِيرُ,0.1138,0.1174,0.1138,0.1174,REAL_ERROR
5,32,Min ajli dhālika katabnā ʿalā banī is'rāīla annahu man qatala nafsan bighayri nafsin aw fasādin fī l-arḍi faka-annamā qatala n-nāsa jamīʿaw-waman aḥyāhā faka-annamā aḥyā n-nāsa jamīʿaw-walaqad jāathum rusulunā bil-bayināti thumma inna kathīram-min'hum baʿda dhālika fī l-arḍi lamus'rifūn,min ajli zaalika katabnaa 'alaa Banee Israaa'eela annahoo man qatala nnafsam bighairi nafsin aw fasaadin fil ardi faka annnamaa qatalan fil ardi faka annammaa qatalan naasa jamee'anw wa man ahyaahaa faka annamaaa ahyan naasa jamee'aa; wa laqad jaaa'at hum Rusulunaa bilbaiyinaati summa inna kaseeram minhum ba'da zaalika fil ardi lamusrifoon,Min ajli thalika katabna AAalabanee isra-eela annahu man qatala nafsan bighayri nafsinaw fasadin fee al-ardi fakaannama qatala annasajameeAAan waman ahyaha fakaannama ahyaannasa jameeAAan walaqad jaat-hum rusulunabilbayyinati thumma inna katheeran minhum baAAda thalikafee al-ardi lamusrifoon,مِنْ أَجْلِ ذَٰلِكَ كَتَبْنَا عَلَىٰ بَنِىٓ إِسْرَٰٓءِيلَ أَنَّهُۥ مَن قَتَلَ نَفْسًۢا بِغَيْرِ نَفْسٍ أَوْ فَسَادٍۢ فِى ٱلْأَرْضِ فَكَأَنَّمَا قَتَلَ ٱلنَّاسَ جَمِيعًۭا وَمَنْ أَحْيَاهَا فَكَأَنَّمَآ أَحْيَا ٱلنَّاسَ جَمِيعًۭا ۚ وَلَقَدْ جَآءَتْهُمْ رُسُلُنَا بِٱلْبَيِّنَٰتِ ثُمَّ إِنَّ كَثِيرًۭا مِّنْهُم بَعْدَ ذَٰلِكَ فِى ٱلْأَرْضِ لَمُسْرِفُونَ,0.3178,0.1152,0.3183,0.3183,REAL_ERROR
5,33,Innamā jazāu alladhīna yuḥāribūna l-laha warasūlahu wayasʿawna fī l-arḍi fasādan ay-yuqattalū aw yuṣallabū aw tuqaṭṭaʿa aydīhim wa-arjuluhum min khilāfin aw yunfaw mina l-arḍi dhālika lahum khiz'yun fī d-dun'yā walahum fī l-ākhirati ʿadhābun ʿaẓīmun,Innamaa jazaaa'ul lazeena yuhaariboonal laaha wa Rasoolahoo wa yas'awna fil ardi fasaadan ai yuqattalooo aw yusallabooo aw tuqatta'a aideehim wa arjuluhum min khilaafin aw yunfaw minalard; zaalika lahum khizyun fid dunyaa wa lahum fil Aakhirati 'azaabun 'azeem,Innama jazao allatheenayuhariboona Allaha warasoolahu wayasAAawna feeal-ardi fasadan an yuqattaloo aw yusallabooaw tuqattaAAa aydeehim waarjuluhum min khilafin awyunfaw mina al-ardi thalika lahum khizyun fee addunyawalahum fee al-akhirati AAathabun AAatheem,إِنَّمَا جَزَٰٓؤُا۟ ٱلَّذِينَ يُحَارِبُونَ ٱللَّهَ وَرَسُولَهُۥ وَيَسْعَوْنَ فِى ٱلْأَرْضِ فَسَادًا أَن يُقَتَّلُوٓا۟ أَوْ يُصَلَّبُوٓا۟ أَوْ تُقَطَّعَ أَيْدِيهِمْ وَأَرْجُلُهُم مِّنْ خِلَٰفٍ أَوْ يُنفَوْا۟ مِنَ ٱلْأَرْضِ ۚ ذَٰلِكَ لَهُمْ خِزْىٌۭ فِى ٱلدُّنْيَا ۖ وَلَهُمْ فِى ٱلْءَاخِرَةِ عَذَابٌ عَظِيمٌ,0.3834,0.3333,0.3889,0.3889,REAL_ERROR
5,41,Yāayyuhā r-rasūlu lā yaḥzunka alladhīna yusāriʿūna fī l-kuf'ri mina alladhīna qālū āmannā bi-afwāhihim walam tu'min qulūbuhum wamina alladhīna hādū sammāʿūna lil'kadhibi sammāʿūna liqawmin ākharīna lam yatūka yuḥarrifūna l-kalima min baʿdi mawāḍiʿihi yaqūlūna in ūtītum hādhā fakhudhūhu wa-il-lam tu'tawhu fa-iḥ'dharū wamay-yuridi l-lahu fit'natahu falan tamlika lahu mina l-lahi shayan ulāika alladhīna lam yuridi l-lahu ay-yuṭahhira qulūbahum lahum fī d-dun'yā khiz'yuw-walahum fī l-ākhirati ʿadhābun ʿaẓīmun,Yaaa ayyuhar Rasoolu laa yahzukal lazeena yusaa ri'oona fil kufri minal lazeena qaaloo aamannaa bi afwaahihim wa lam tu'min quloobuhum; wa minal lazeena haadoo sammaa'oona lilkazibi sammaa'oona liqawmin aakhareena lam yaatooka yuharifoonal kalima mim ba'di mawaadi'ihee yaqooloona in ooteetum haazaa fakhuzoohu wa il lam tu'tawhu fahzaroo; wa many-yuridil laahu fitnatahoo falan tamlika lahoo minal laahi shai'aa; ulaaa 'ikal lazeena lam yuridil laahu any-yutahhira quloobahum; lahum fid dunyaa khizyunw wa lahum fil Aakhirati'azaabun 'azeem,Ya ayyuha arrasoolu layahzunka allatheena yusariAAoona fee alkufrimina allatheena qaloo amanna bi-afwahihimwalam tu/min quloobuhum wamina allatheena hadoosammaAAoona lilkathibi sammaAAoona liqawmin akhareenalam ya/tooka yuharrifoona alkalima min baAAdi mawadiAAihiyaqooloona in ooteetum hatha fakhuthoohu wa-in lamtu/tawhu fahtharoo waman yuridi Allahufitnatahu falan tamlika lahu mina Allahi shay-an ola-ikaallatheena lam yuridi Allahu an yutahhiraquloobahum lahum fee addunya khizyun walahum feeal-akhirati AAathabun AAatheem,۞ يَٰٓأَيُّهَا ٱلرَّسُولُ لَا يَحْزُنكَ ٱلَّذِينَ يُسَٰرِعُونَ فِى ٱلْكُفْرِ مِنَ ٱلَّذِينَ قَالُوٓا۟ ءَامَنَّا بِأَفْوَٰهِهِمْ وَلَمْ تُؤْمِن قُلُوبُهُمْ ۛ وَمِنَ ٱلَّذِينَ هَادُوا۟ ۛ سَمَّٰعُونَ لِلْكَذِبِ سَمَّٰعُونَ لِقَوْمٍ ءَاخَرِينَ لَمْ يَأْتُوكَ ۖ يُحَرِّفُونَ ٱلْكَلِمَ مِنۢ بَعْدِ مَوَاضِعِهِۦ ۖ يَقُولُونَ إِنْ أُوتِيتُمْ هَٰذَا فَخُذُوهُ وَإِن لَّمْ تُؤْتَوْهُ فَٱحْذَرُوا۟ ۚ وَمَن يُرِدِ ٱللَّهُ فِتْنَتَهُۥ فَلَن تَمْلِكَ لَهُۥ مِنَ ٱللَّهِ شَيْـًٔا ۚ أُو۟لَٰٓئِكَ ٱلَّذِينَ لَمْ يُرِدِ ٱللَّهُ أَن يُطَهِّرَ قُلُوبَهُمْ ۚ لَهُمْ فِى ٱلدُّنْيَا خِزْىٌۭ ۖ وَلَهُمْ فِى ٱلْءَاخِرَةِ عَذَابٌ عَظِيمٌۭ,0.3317,0.2627,0.3343,0.3343,REAL_ERROR
5,42,Sammāʿūna lil'kadhibi akkālūna lilssuḥ'ti fa-in jāūka fa-uḥ'kum baynahum aw aʿriḍ ʿanhum wa-in tuʿ'riḍ ʿanhum falay-yaḍurrūka shayaw-wa-in ḥakamta fa-uḥ'kum baynahum bil-qis'ṭi inna l-laha yuḥibbu l-muq'siṭīn,Sammaa'oona lilkazibi akkaaloona lissuht; fa in jaaa'ooka fahkum bainahum aw a'rid anhum wa in tu'rid 'anhum falany-yadurrooka shai'anw wa in hakamta fahkum bainahum bilqist; innal laaha yuhibbul muqsiteen,SammaAAoona lilkathibi akkaloonalissuhti fa-in jaooka fahkumbaynahum aw aAArid AAanhum wa-in tuAArid AAanhumfalan yadurrooka shay-an wa-in hakamta fahkumbaynahum bilqisti inna Allaha yuhibbualmuqsiteen,سَمَّٰعُونَ لِلْكَذِبِ أَكَّٰلُونَ لِلسُّحْتِ ۚ فَإِن جَآءُوكَ فَٱحْكُم بَيْنَهُمْ أَوْ أَعْرِضْ عَنْهُمْ ۖ وَإِن تُعْرِضْ عَنْهُمْ فَلَن يَضُرُّوكَ شَيْـًۭٔا ۖ وَإِنْ حَكَمْتَ فَٱحْكُم بَيْنَهُم بِٱلْقِسْطِ ۚ إِنَّ ٱللَّهَ يُحِبُّ ٱلْمُقْسِطِينَ,0.1174,0.0491,0.1232,0.1232,REAL_ERROR
5,44,Innā anzalnā t-tawrāta fīhā hudaw-wanūrun yaḥkumu bihā n-nabiyūna alladhīna aslamū lilladhīna hādū wal-rabāniyūna wal-aḥbāru bimā us'tuḥ'fiẓū min kitābi l-lahi wakānū ʿalayhi shuhadāa falā takhshawū n-nāsa wa-ikh'shawni walā tashtarū biāyātī thamanan qalīlaw-waman lam yaḥkum bimā anzala l-lahu fa-ulāika humu l-kāfirūn,Innaaa anzalnat Tawraata feehaa hudanw wa noor; yahkumu bihan Nabiyyoonal lazeena aslamoo lillazeena haadoo war rabbaaniyyoona wal ahbaaru bimas tuhfizoo min Kitaabil laahi wa kaanoo 'alaihi shuhadaaa'; falaa takhshawun naasa wakhshawni wa laa tashtaroo bi aayaatee samanan qaleelaa; wa mal lam yahkum bimaaa anzalal laahu fa ulaaa'ika humul kaafiroon,Inna anzalna attawratafeeha hudan wanoorun yahkumu biha annabiyyoonaallatheena aslamoo lillatheena hadoo warrabbaniyyoonawal-ahbaru bima istuhfithoomin kitabi Allahi wakanoo AAalayhi shuhadaafala takhshawoo annasa wakhshawniwala tashtaroo bi-ayatee thamanan qaleelanwaman lam yahkum bima anzala Allahu faola-ikahumu alkafiroon,إِنَّآ أَنزَلْنَا ٱلتَّوْرَىٰةَ فِيهَا هُدًۭى وَنُورٌۭ ۚ يَحْكُمُ بِهَا ٱلنَّبِيُّونَ ٱلَّذِينَ أَسْلَمُوا۟ لِلَّذِينَ هَادُوا۟ وَٱلرَّبَّٰنِيُّونَ وَٱلْأَحْبَارُ بِمَا ٱسْتُحْفِظُوا۟ مِن كِتَٰبِ ٱللَّهِ وَكَانُوا۟ عَلَيْهِ شُهَدَآءَ ۚ فَلَا تَخْشَوُا۟ ٱلنَّاسَ وَٱخْشَوْنِ وَلَا تَشْتَرُوا۟ بِـَٔايَٰتِى ثَمَنًۭا قَلِيلًۭا ۚ وَمَن لَّمْ يَحْكُم بِمَآ أَنزَلَ ٱللَّهُ فَأُو۟لَٰٓئِكَ هُمُ ٱلْكَٰفِرُونَ,0.0775,0.0723,0.0776,0.0776,REAL_ERROR
5,45,Wakatabnā ʿalayhim fīhā anna n-nafsa bil-nafsi wal-ʿayna bil-ʿayni wal-anfa bil-anfi wal-udhuna bil-udhuni wal-sina bil-sini wal-jurūḥa qiṣāṣun faman taṣaddaqa bihi fahuwa kaffāratul-lahu wamal-lam yaḥkum bimā anzala l-lahu fa-ulāika humu ẓ-ẓālimūn,Wa katabnaa 'alaihim feehaaa annan nafsa binnafsi wal'aina bil'aini wal anfa bilanfi wal uzuna bil uzuni wassinna bissinni waljurooha qisaas; faman tasaddaqa bihee fahuwa kaffaaratul lah; wa mal lam yahkum bimaaa anzalal laahu fa ulaaa'ika humuz zalimoon,Wakatabna AAalayhim feeha annaannafsa binnafsi walAAayna bilAAayniwal-anfa bil-anfi walothuna bilothuniwassinna bissinni waljurooha qisasunfaman tasaddaqa bihi fahuwa kaffaratun lahu wamanlam yahkum bima anzala Allahu faola-ikahumu aththalimoon,وَكَتَبْنَا عَلَيْهِمْ فِيهَآ أَنَّ ٱلنَّفْسَ بِٱلنَّفْسِ وَٱلْعَيْنَ بِٱلْعَيْنِ وَٱلْأَنفَ بِٱلْأَنفِ وَٱلْأُذُنَ بِٱلْأُذُنِ وَٱلسِّنَّ بِٱلسِّنِّ وَٱلْجُرُوحَ قِصَاصٌۭ ۚ فَمَن تَصَدَّقَ بِهِۦ فَهُوَ كَفَّارَةٌۭ لَّهُۥ ۚ وَمَن لَّمْ يَحْكُم بِمَآ أَنزَلَ ٱللَّهُ فَأُو۟لَٰٓئِكَ هُمُ ٱلظَّٰلِمُونَ,0.3374,0.2742,0.3436,0.3436,REAL_ERROR
5,46,Waqaffaynā ʿalā āthārihim biʿīsā ib'ni maryama muṣaddiqal-limā bayna yadayhi mina t-tawrāti waātaynāhu l-injīla fīhi hudaw-wanūrun wamuṣaddiqal-limā bayna yadayhi mina t-tawrāti wahudaw-wamawʿiẓatan lil'muttaqīn,Wa qaffainaa 'alaaa aasaaarihim bi 'Eesab ni Maryama musaddiqal limaa baina yadihi minat Tawraati wa aatainaahul Injeela feehi hudanw wa noorunw wa musaddiqal limaa baina yadaihi minat Tawraati wa hudanw wa maw'izatal lilmuttaqeen,Waqaffayna AAala atharihimbiAAeesa ibni maryama musaddiqan lima baynayadayhi mina attawrati waataynahual-injeela feehi hudan wanoorun wamusaddiqan limabayna yadayhi mina attawrati wahudan wamawAAithatanlilmuttaqeen,وَقَفَّيْنَا عَلَىٰٓ ءَاثَٰرِهِم بِعِيسَى ٱبْنِ مَرْيَمَ مُصَدِّقًۭا لِّمَا بَيْنَ يَدَيْهِ مِنَ ٱلتَّوْرَىٰةِ ۖ وَءَاتَيْنَٰهُ ٱلْإِنجِيلَ فِيهِ هُدًۭى وَنُورٌۭ وَمُصَدِّقًۭا لِّمَا بَيْنَ يَدَيْهِ مِنَ ٱلتَّوْرَىٰةِ وَهُدًۭى وَمَوْعِظَةًۭ لِّلْمُتَّقِينَ,0.2824,0.0913,0.2877,0.2877,REAL_ERROR
5,48,Wa-anzalnā ilayka l-kitāba bil-ḥaqi muṣaddiqal-limā bayna yadayhi mina l-kitābi wamuhayminan ʿalayhi fa-uḥ'kum baynahum bimā anzala l-lahu walā tattabiʿ ahwāahum ʿammā jāaka mina l-ḥaqi likullin jaʿalnā minkum shir'ʿataw-wamin'hājan walaw shāa l-lahu lajaʿalakum ummataw-wāḥidatan walākil-liyabluwakum fī mā ātākum fa-is'tabiqū l-khayrāti ilā l-lahi marjiʿukum jamīʿan fayunabbi-ukum bimā kuntum fīhi takhtalifūn,Wa anzalnaa ilaikal Kitaaba bilhaqqi musaddiqallimaa baina yadaihi minal Kitaabi wa muhaiminan 'alaihi fahkum bainahum bimaa anzalal laahu wa laa tattabi ahwaaa'ahum 'ammaa jaaa'aka minal haqq; likullin ja'alnaa minkum shir'atanw wa minhaajaa; wa law shaaa'al laahu laja'alakum ummatanw waahidatanw wa laakil liyabluwakum fee maa aataakum fastabiqul khairaat; ilal laahi arji'ukum jamee'an fayunab bi'ukum bimaa kuntum feehi takhtalifoon,Waanzalna ilayka alkitaba bilhaqqimusaddiqan lima bayna yadayhi mina alkitabiwamuhayminan AAalayhi fahkum baynahum bimaanzala Allahu wala tattabiAA ahwaahum AAammajaaka mina alhaqqi likullin jaAAalna minkumshirAAatan waminhajan walaw shaa AllahulajaAAalakum ommatan wahidatan walakin liyabluwakumfeema atakum fastabiqoo alkhayratiila Allahi marjiAAukum jameeAAan fayunabbi-okum bimakuntum feehi takhtalifoon,وَأَنزَلْنَآ إِلَيْكَ ٱلْكِتَٰبَ بِٱلْحَقِّ مُصَدِّقًۭا لِّمَا بَيْنَ يَدَيْهِ مِنَ ٱلْكِتَٰبِ وَمُهَيْمِنًا عَلَيْهِ ۖ فَٱحْكُم بَيْنَهُم بِمَآ أَنزَلَ ٱللَّهُ ۖ وَلَا تَتَّبِعْ أَهْوَآءَهُمْ عَمَّا جَآءَكَ مِنَ ٱلْحَقِّ ۚ لِكُلٍّۢ جَعَلْنَا مِنكُمْ شِرْعَةًۭ وَمِنْهَاجًۭا ۚ وَلَوْ شَآءَ ٱللَّهُ لَجَعَلَكُمْ أُمَّةًۭ وَٰحِدَةًۭ وَلَٰكِن لِّيَبْلُوَكُمْ فِى مَآ ءَاتَىٰكُمْ ۖ فَٱسْتَبِقُوا۟ ٱلْخَيْرَٰتِ ۚ إِلَى ٱللَّهِ مَرْجِعُكُمْ جَمِيعًۭا فَيُنَبِّئُكُم بِمَا كُنتُمْ فِيهِ تَخْتَلِفُونَ,0.2808,0.0667,0.2822,0.2822,REAL_ERROR
5,49,Wa-ani uḥ'kum baynahum bimā anzala l-lahu walā tattabiʿ ahwāahum wa-iḥ'dharhum ay-yaftinūka ʿan baʿḍi mā anzala l-lahu ilayka fa-in tawallaw fa-iʿ'lam annamā yurīdu l-lahu ay-yuṣībahum bibaʿḍi dhunūbihim wa-inna kathīram-mina n-nāsi lafāsiqūn,Wa anih kum bainahum bimaaa anzalal laahu wa laa tattabi' ahwaaa'ahum wahzarhum ai yaftinooka 'am ba'di maaa anzalal laahu ilaika fa in tawallaw fa'lam annamaa yureedul laahu ai yuseebahum biba'di zunoobihim; wa inna kaseeram minan naasi lafaasiqoon,Waani ohkum baynahum bimaanzala Allahu wala tattabiAA ahwaahum wahtharhuman yaftinooka AAan baAAdi ma anzala Allahuilayka fa-in tawallaw faAAlam annama yureedu Allahuan yuseebahum bibaAAdi thunoobihim wa-innakatheeran mina annasi lafasiqoon,وَأَنِ ٱحْكُم بَيْنَهُم بِمَآ أَنزَلَ ٱللَّهُ وَلَا تَتَّبِعْ أَهْوَآءَهُمْ وَٱحْذَرْهُمْ أَن يَفْتِنُوكَ عَنۢ بَعْضِ مَآ أَنزَلَ ٱللَّهُ إِلَيْكَ ۖ فَإِن تَوَلَّوْا۟ فَٱعْلَمْ أَنَّمَا يُرِيدُ ٱللَّهُ أَن يُصِيبَهُم بِبَعْضِ ذُنُوبِهِمْ ۗ وَإِنَّ كَثِيرًۭا مِّنَ ٱلنَّاسِ لَفَٰسِقُونَ,0.0788,0.0907,0.0793,0.0907,REAL_ERROR
5,52,Fatarā alladhīna fī qulūbihim maraḍuy-yusāriʿūna fīhim yaqūlūna nakhshā an tuṣībanā dāiratun faʿasā l-lahu ay-yatiya bil-fatḥi aw amrim-min ʿindihi fayuṣ'biḥū ʿalā mā asarrū fī anfusihim nādimīn,Fataral lazeena fee quloobihim maraduny yusaari'oona feehim yaqooloona nakhshaaa an tuseebanaa daaa'irah; fa'asallaahu ai yaatiya bilfathi aw amrim min 'indihee fa yusbihoo 'alaa maaa asarroo feee anfusihim naadimeen,Fatara allatheena feequloobihim maradun yusariAAoona feehim yaqooloonanakhsha an tuseebana da-iratun faAAasaAllahu an ya/tiya bilfathi aw amrin minAAindihi fayusbihoo AAala ma asarroofee anfusihim nadimeen,فَتَرَى ٱلَّذِينَ فِى قُلُوبِهِم مَّرَضٌۭ يُسَٰرِعُونَ فِيهِمْ يَقُولُونَ نَخْشَىٰٓ أَن تُصِيبَنَا دَآئِرَةٌۭ ۚ فَعَسَى ٱللَّهُ أَن يَأْتِىَ بِٱلْفَتْحِ أَوْ أَمْرٍۢ مِّنْ عِندِهِۦ فَيُصْبِحُوا۟ عَلَىٰ مَآ أَسَرُّوا۟ فِىٓ أَنفُسِهِمْ نَٰدِمِينَ,0.2406,0.2519,0.2418,0.2519,REAL_ERROR
5,54,Yāayyuhā alladhīna āmanū may-yartadda minkum ʿan dīnihi fasawfa yatī l-lahu biqawmiy-yuḥibbuhum wayuḥibbūnahu adhillatin ʿalā l-mu'minīna aʿizzatin ʿalā l-kāfirīna yujāhidūna fī sabīli l-lahi walā yakhāfūna lawmata lāimin dhālika faḍlu l-lahi yu'tīhi may-yashāu wal-lahu wāsiʿun ʿalīmun,Yaa aiyuhal lazeena aamanoo mai yartadda minkum 'an deenihee fasawfa yaatil laahu biqawminy yuhibbuhum wa yuhibboonahoo azillatin 'alal mu'mineena a'izzatin 'alal kaafireena yujaahidoona fee sabeelil laahi wa laa yakhaafoona lawmata laaa'im; zaalika fadlul laahi yu'teehi mai yashaaa'; wallaahu Waasi'un 'Aleem,Ya ayyuha allatheena amanooman yartadda minkum AAan deenihi fasawfa ya/tee Allahubiqawmin yuhibbuhum wayuhibboonahu athillatinAAala almu/mineena aAAizzatin AAala alkafireenayujahidoona fee sabeeli Allahi wala yakhafoonalawmata la-imin thalika fadlu Allahiyu/teehi man yashao wallahu wasiAAunAAaleem,يَٰٓأَيُّهَا ٱلَّذِينَ ءَامَنُوا۟ مَن يَرْتَدَّ مِنكُمْ عَن دِينِهِۦ فَسَوْفَ يَأْتِى ٱللَّهُ بِقَوْمٍۢ يُحِبُّهُمْ وَيُحِبُّونَهُۥٓ أَذِلَّةٍ عَلَى ٱلْمُؤْمِنِينَ أَعِزَّةٍ عَلَى ٱلْكَٰفِرِينَ يُجَٰهِدُونَ فِى سَبِيلِ ٱللَّهِ وَلَا يَخَافُونَ لَوْمَةَ لَآئِمٍۢ ۚ ذَٰلِكَ فَضْلُ ٱللَّهِ يُؤْتِيهِ مَن يَشَآءُ ۚ وَٱللَّهُ وَٰسِعٌ عَلِيمٌ,0.2954,0.3316,0.1655,0.3316,REAL_ERROR
5,60,Qul hal unabbi-ukum bisharrim-min dhālika mathūbatan ʿinda l-lahi mal-laʿanahu l-lahu waghaḍiba ʿalayhi wajaʿala min'humu l-qiradata wal-khanāzīra waʿabada ṭ-ṭāghūta ulāika sharrum-makānan wa-aḍallu ʿan sawāi s-sabīl,Qul hal unabbi'ukum bisharrim min zaalika masoobatan 'indal laah; malla'ana hul laahu wa ghadiba 'alaihi wa ja'ala minhumul qiradata wal khanaazeera wa 'abadat Taaghoot; ulaaa'ika sharrum makaananw wa adallu 'an Sawaaa'is Sabeel,Qul hal onabbi-okum bisharrin min thalikamathoobatan AAinda Allahi man laAAanahu Allahuwaghadiba AAalayhi wajaAAala minhumu alqiradata walkhanazeerawaAAabada attaghooti ola-ika sharrun makananwaadallu AAan sawa-i assabeel,قُلْ هَلْ أُنَبِّئُكُم بِشَرٍّۢ مِّن ذَٰلِكَ مَثُوبَةً عِندَ ٱللَّهِ ۚ مَن لَّعَنَهُ ٱللَّهُ وَغَضِبَ عَلَيْهِ وَجَعَلَ مِنْهُمُ ٱلْقِرَدَةَ وَٱلْخَنَازِيرَ وَعَبَدَ ٱلطَّٰغُوتَ ۚ أُو۟لَٰٓئِكَ شَرٌّۭ مَّكَانًۭا وَأَضَلُّ عَن سَوَآءِ ٱلسَّبِيلِ,0.3105,0.3632,0.235,0.3632,REAL_ERROR
5,64,Waqālati l-yahūdu yadu l-lahi maghlūlatun ghullat aydīhim waluʿinū bimā qālū bal yadāhu mabsūṭatāni yunfiqu kayfa yashāu walayazīdanna kathīram-min'hum mā unzila ilayka mir-rabbika ṭugh'yānaw-wakuf'ran wa-alqaynā baynahumu l-ʿadāwata wal-baghḍāa ilā yawmi l-qiyāmati kullamā awqadū nāral-lil'ḥarbi aṭfa-ahā l-lahu wayasʿawna fī l-arḍi fasādaw-wal-lahu lā yuḥibbu l-muf'sidīn,Wa qaalatil Yahoodu Yadullaahi maghloolah; ghulla aideehim wa lu'inoo bimaa qaaloo; bal yadaahu mabsoo tataani yunfiqu kaifa yashaaa'; wa la yazeedanna kaseeramm minhum maaa unzila ilaika mir Rabbika tughyaananw wa kufraa; wa alqainaa bainahumul 'adaawata wal baghdaaa a' ilaa Yawmil Qiyaamah; kullamaaa awqadoo naaral lilharbi at fa-ahal laah; wa yas'awna fil ardi fasaadaa; wal laahu laa yuhibbul mufsideen,Waqalati alyahoodu yadu Allahimaghloolatun ghullat aydeehim waluAAinoo bima qaloobal yadahu mabsootatani yunfiqu kayfa yashaowalayazeedanna katheeran minhum ma onzila ilayka minrabbika tughyanan wakufran waalqaynabaynahumu alAAadawata walbaghdaa ilayawmi alqiyamati kullama awqadoo naran lilharbiatfaaha Allahu wayasAAawna fee al-ardifasadan wallahu la yuhibbualmufsideen,وَقَالَتِ ٱلْيَهُودُ يَدُ ٱللَّهِ مَغْلُولَةٌ ۚ غُلَّتْ أَيْدِيهِمْ وَلُعِنُوا۟ بِمَا قَالُوا۟ ۘ بَلْ يَدَاهُ مَبْسُوطَتَانِ يُنفِقُ كَيْفَ يَشَآءُ ۚ وَلَيَزِيدَنَّ كَثِيرًۭا مِّنْهُم مَّآ أُنزِلَ إِلَيْكَ مِن رَّبِّكَ طُغْيَٰنًۭا وَكُفْرًۭا ۚ وَأَلْقَيْنَا بَيْنَهُمُ ٱلْعَدَٰوَةَ وَٱلْبَغْضَآءَ إِلَىٰ يَوْمِ ٱلْقِيَٰمَةِ ۚ كُلَّمَآ أَوْقَدُوا۟ نَارًۭا لِّلْحَرْبِ أَطْفَأَهَا ٱللَّهُ ۚ وَيَسْعَوْنَ فِى ٱلْأَرْضِ فَسَادًۭا ۚ وَٱللَّهُ لَا يُحِبُّ ٱلْمُفْسِدِينَ,0.204,0.179,0.2043,0.2043,REAL_ERROR
5,72,Laqad kafara alladhīna qālū inna l-laha huwa l-masīḥu ub'nu maryama waqāla l-masīḥu yābanī is'rāīla uʿ'budū l-laha rabbī warabbakum innahu may-yush'rik bil-lahi faqad ḥarrama l-lahu ʿalayhi l-janata wamawāhu n-nāru wamā lilẓẓālimīna min anṣārin,Laqad kafaral lazeena qaalooo innal laaha Huwal maseehub nu Maryama wa qaalal Maseehu yaa Baneee Israaa'eela budul laaha Rabbee wa Rabbakum innnahoo many-yushrik ballaahi faqad harramal laahu 'alaihil jannata wa maa waahun Naaru wa maa lizzaalimeena min ansaar,Laqad kafara allatheena qalooinna Allaha huwa almaseehu ibnu maryama waqalaalmaseehu ya banee isra-eela oAAbudoo Allaharabbee warabbakum innahu man yushrik billahi faqadharrama Allahu AAalayhi aljannata wama/wahuannaru wama liththalimeenamin ansar,لَقَدْ كَفَرَ ٱلَّذِينَ قَالُوٓا۟ إِنَّ ٱللَّهَ هُوَ ٱلْمَسِيحُ ٱبْنُ مَرْيَمَ ۖ وَقَالَ ٱلْمَسِيحُ يَٰبَنِىٓ إِسْرَٰٓءِيلَ ٱعْبُدُوا۟ ٱللَّهَ رَبِّى وَرَبَّكُمْ ۖ إِنَّهُۥ مَن يُشْرِكْ بِٱللَّهِ فَقَدْ حَرَّمَ ٱللَّهُ عَلَيْهِ ٱلْجَنَّةَ وَمَأْوَىٰهُ ٱلنَّارُ ۖ وَمَا لِلظَّٰلِمِينَ مِنْ أَنصَارٍۢ,0.1113,0.1118,0.09,0.1118,REAL_ERROR
5,82,Latajidanna ashadda n-nāsi ʿadāwatal-lilladhīna āmanū l-yahūda wa-alladhīna ashrakū walatajidanna aqrabahum mawaddatal-lilladhīna āmanū alladhīna qālū innā naṣārā dhālika bi-anna min'hum qissīsīna waruh'bānaw-wa-annahum lā yastakbirūn,Latajidanna ashad dan naasi 'adaawatal lillazeena aamanul Yahooda wallazeena ashrakoo wa latajidanna aqrabahum mawaddatal lil lazeena aamanul lazeena qaalooo innaa Nasaaraa; zaalika bi anna mminhum qiseeseena wa ruhbaananw wa annahum laa yastakbiroon,Latajidanna ashadda annasiAAadawatan lillatheena amanoo alyahooda wallatheenaashrakoo walatajidanna aqrabahum mawaddatan lillatheena amanooallatheena qaloo inna nasara thalikabi-anna minhum qisseeseena waruhbanan waannahum layastakbiroon,۞ لَتَجِدَنَّ أَشَدَّ ٱلنَّاسِ عَدَٰوَةًۭ لِّلَّذِينَ ءَامَنُوا۟ ٱلْيَهُودَ وَٱلَّذِينَ أَشْرَكُوا۟ ۖ وَلَتَجِدَنَّ أَقْرَبَهُم مَّوَدَّةًۭ لِّلَّذِينَ ءَامَنُوا۟ ٱلَّذِينَ قَالُوٓا۟ إِنَّا نَصَٰرَىٰ ۚ ذَٰلِكَ بِأَنَّ مِنْهُمْ قِسِّيسِينَ وَرُهْبَانًۭا وَأَنَّهُمْ لَا يَسْتَكْبِرُونَ,0.4357,0.4366,0.3915,0.4366,REAL_ERROR
5,89,Lā yuākhidhukumu l-lahu bil-laghwi fī aymānikum walākiy-yuākhidhukum bimā ʿaqqadttumu l-aymāna fakaffāratuhu iṭ'ʿāmu ʿasharati masākīna min awsaṭi mā tuṭ'ʿimūna ahlīkum aw kis'watuhum aw taḥrīru raqabatin famal-lam yajid faṣiyāmu thalāthati ayyāmin dhālika kaffāratu aymānikum idhā ḥalaftum wa-iḥ'faẓū aymānakum kadhālika yubayyinu l-lahu lakum āyātihi laʿallakum tashkurūn,Laa yu'aakhizukumul laahu billaghwi feee aimaanikum wa laakiny ya'aakhizukum bimaa 'aqqattumul aimaana fakaf faaratuhooo it'aamu 'asharati masaakeena min awsati maa tut'imoona ahleekum aw kiswatuhum aw tahreeru raqabatin famallam yajid fa Siyaamu salaasati aiyaam; zaalika kaffaaratu aimaanikum izaa halaftum; wahfazooo aimaanakum; kazaalika yubaiyinul laahu lakum Aayaatihee la'allakum tashkuroon,La yu-akhithukumu Allahubillaghwi fee aymanikum walakin yu-akhithukumbima AAaqqadtumu al-aymana fakaffaratuhu itAAamuAAasharati masakeena min awsati ma tutAAimoonaahleekum aw kiswatuhum aw tahreeru raqabatin faman lamyajid fasiyamu thalathati ayyamin thalikakaffaratu aymanikum itha halaftum wahfathooaymanakum kathalika yubayyinu Allahu lakum ayatihilaAAallakum tashkuroon,لَا يُؤَاخِذُكُمُ ٱللَّهُ بِٱللَّغْوِ فِىٓ أَيْمَٰنِكُمْ وَلَٰكِن يُؤَاخِذُكُم بِمَا عَقَّدتُّمُ ٱلْأَيْمَٰنَ ۖ فَكَفَّٰرَتُهُۥٓ إِطْعَامُ عَشَرَةِ مَسَٰكِينَ مِنْ أَوْسَطِ مَا تُطْعِمُونَ أَهْلِيكُمْ أَوْ كِسْوَتُهُمْ أَوْ تَحْرِيرُ رَقَبَةٍۢ ۖ فَمَن لَّمْ يَجِدْ فَصِيَامُ ثَلَٰثَةِ أَيَّامٍۢ ۚ ذَٰلِكَ كَفَّٰرَةُ أَيْمَٰنِكُمْ إِذَا حَلَفْتُمْ ۚ وَٱحْفَظُوٓا۟ أَيْمَٰنَكُمْ ۚ كَذَٰلِكَ يُبَيِّنُ ٱللَّهُ لَكُمْ ءَايَٰتِهِۦ لَعَلَّكُمْ تَشْكُرُونَ,0.2547,0.0894,0.2561,0.2561,REAL_ERROR
5,95,Yāayyuhā alladhīna āmanū lā taqtulū ṣ-ṣayda wa-antum ḥurumuw-waman qatalahu minkum mutaʿammidan fajazāom-mith'lu mā qatala mina n-naʿami yaḥkumu bihi dhawā ʿadlim-minkum hadyan bāligha l-kaʿbati aw kaffāratun ṭaʿāmu masākīna aw ʿadlu dhālika ṣiyāmal-liyadhūqa wabāla amrihi ʿafā l-lahu ʿammā salafa waman ʿāda fayantaqimu l-lahu min'hu wal-lahu ʿazīzun dhū intiqāmin,Yaaa aiyuhal lazeena aamanoo laa taqtuslus saida wa antum hurum; wa man qatalahoo minkum mut'am midan fajazaaa'um mislu maa qatala minanna'ami yahkumu bihee zawaa 'adlim minkum hadyam baalighal Ka'bati aw kaffaaratun ta'aamu masaakeena aw 'adlu zaalika Siyaamal liyazooqa wabaala amrih; 'afal laahu 'ammaa salaf; wa man 'aada fayanta qimul laahu minh; wallaahu 'azeezun zuntiqaam,Ya ayyuha allatheena amanoola taqtuloo assayda waantum hurumunwaman qatalahu minkum mutaAAammidan fajazaon mithlu maqatala mina annaAAami yahkumu bihi thawaAAadlin minkum hadyan baligha alkaAAbati aw kaffaratuntaAAamu masakeena aw AAadlu thalika siyamanliyathooqa wabala amrihi AAafa AllahuAAamma salafa waman AAada fayantaqimu Allahuminhu wallahu AAazeezun thoo intiqam,يَٰٓأَيُّهَا ٱلَّذِينَ ءَامَنُوا۟ لَا تَقْتُلُوا۟ ٱلصَّيْدَ وَأَنتُمْ حُرُمٌۭ ۚ وَمَن قَتَلَهُۥ مِنكُم مُّتَعَمِّدًۭا فَجَزَآءٌۭ مِّثْلُ مَا قَتَلَ مِنَ ٱلنَّعَمِ يَحْكُمُ بِهِۦ ذَوَا عَدْلٍۢ مِّنكُمْ هَدْيًۢا بَٰلِغَ ٱلْكَعْبَةِ أَوْ كَفَّٰرَةٌۭ طَعَامُ مَسَٰكِينَ أَوْ عَدْلُ ذَٰلِكَ صِيَامًۭا لِّيَذُوقَ وَبَالَ أَمْرِهِۦ ۗ عَفَا ٱللَّهُ عَمَّا سَلَفَ ۚ وَمَنْ عَادَ فَيَنتَقِمُ ٱللَّهُ مِنْهُ ۗ وَٱللَّهُ عَزِيزٌۭ ذُو ٱنتِقَامٍ,0.2989,0.2771,0.3041,0.3041,REAL_ERROR
5,97,Jaʿala l-lahu l-kaʿbata l-bayta l-ḥarāma qiyāmal-lilnnāsi wal-shahra l-ḥarāma wal-hadya wal-qalāida dhālika litaʿlamū anna l-laha yaʿlamu mā fī s-samāwāti wamā fī l-arḍi wa-anna l-laha bikulli shayin ʿalīmun,Ja'alal laahul Ka'batal Baital Haraama qiyaamal linnaasi wash Shahral Haraama walhadya walqalaaa'id; zaalika lita'lamooo annal laaha ya'lamu maa fis samaawaati wa maa fil ardi wa annal laaha bikulli shai'in 'Aleem,JaAAala Allahu alkaAAbata albayta alharamaqiyaman linnasi washshahra alharamawalhadya walqala-ida thalikalitaAAlamoo anna Allaha yaAAlamu ma fee assamawatiwama fee al-ardi waanna Allaha bikullishay-in AAaleem,۞ جَعَلَ ٱللَّهُ ٱلْكَعْبَةَ ٱلْبَيْتَ ٱلْحَرَامَ قِيَٰمًۭا لِّلنَّاسِ وَٱلشَّهْرَ ٱلْحَرَامَ وَٱلْهَدْىَ وَٱلْقَلَٰٓئِدَ ۚ ذَٰلِكَ لِتَعْلَمُوٓا۟ أَنَّ ٱللَّهَ يَعْلَمُ مَا فِى ٱلسَّمَٰوَٰتِ وَمَا فِى ٱلْأَرْضِ وَأَنَّ ٱللَّهَ بِكُلِّ شَىْءٍ عَلِيمٌ,0.2699,0.259,0.2705,0.2705,REAL_ERROR
5,106,Yāayyuhā alladhīna āmanū shahādatu baynikum idhā ḥaḍara aḥadakumu l-mawtu ḥīna l-waṣiyati ith'nāni dhawā ʿadlim-minkum aw ākharāni min ghayrikum in antum ḍarabtum fī l-arḍi fa-aṣābatkum muṣībatu l-mawti taḥbisūnahumā min baʿdi ṣ-ṣalati fayuq'simāni bil-lahi ini ir'tabtum lā nashtarī bihi thamanaw-walaw kāna dhā qur'bā walā naktumu shahādata l-lahi innā idhal-lamina l-āthimīn,Yaaa aiyuhal lazeena aamanoo shahaadatu bainikum izaa hadara ahadakumul mawtu heenal wasiyyatis naani zawaa 'adlim minkum aw aakharaani min ghairikum in antum darabtum fil ardi fa asaabatkum museebatul mawt; tahbi soonahumaa mim ba'dis Salaati fa yuqsimaani billaahi inirtabtum laa nashtaree bihee samananw wa law kaana zaa qurbaa wa laa naktumu shahaadatal laahi innaaa izal laminal aasimeen,Ya ayyuha allatheena amanooshahadatu baynikum itha hadara ahadakumualmawtu heena alwasiyyati ithnani thawaAAadlin minkum aw akharani min ghayrikum in antum darabtumfee al-ardi faasabatkum museebatu almawti tahbisoonahumamin baAAdi assalati fayuqsimani billahiini irtabtum la nashtaree bihi thamanan walaw kana thaqurba wala naktumu shahadata Allahiinna ithan lamina al-athimeen,يَٰٓأَيُّهَا ٱلَّذِينَ ءَامَنُوا۟ شَهَٰدَةُ بَيْنِكُمْ إِذَا حَضَرَ أَحَدَكُمُ ٱلْمَوْتُ حِينَ ٱلْوَصِيَّةِ ٱثْنَانِ ذَوَا عَدْلٍۢ مِّنكُمْ أَوْ ءَاخَرَانِ مِنْ غَيْرِكُمْ إِنْ أَنتُمْ ضَرَبْتُمْ فِى ٱلْأَرْضِ فَأَصَٰبَتْكُم مُّصِيبَةُ ٱلْمَوْتِ ۚ تَحْبِسُونَهُمَا مِنۢ بَعْدِ ٱلصَّلَوٰةِ فَيُقْسِمَانِ بِٱللَّهِ إِنِ ٱرْتَبْتُمْ لَا نَشْتَرِى بِهِۦ ثَمَنًۭا وَلَوْ كَانَ ذَا قُرْبَىٰ ۙ وَلَا نَكْتُمُ شَهَٰدَةَ ٱللَّهِ إِنَّآ إِذًۭا لَّمِنَ ٱلْءَاثِمِينَ,0.2069,0.1749,0.2072,0.2072,REAL_ERROR
5,107,Fa-in ʿuthira ʿalā annahumā is'taḥaqqā ith'man faākharāni yaqūmāni maqāmahumā mina alladhīna is'taḥaqqa ʿalayhimu l-awlayāni fayuq'simāni bil-lahi lashahādatunā aḥaqqu min shahādatihimā wamā iʿ'tadaynā innā idhal-lamina ẓ-ẓālimīn,Fa in 'usira 'alaaa annahumas tahaqqaaa isman fa aakharaani yaqoomaani maqaamahumaa minal lazeenas tahaqqa 'alaihimul awlayaani fa yuqsimaani billaahi lashahaadatunaaa ahaqqu min shahaadatihimaaa wa ma'tadainaaa innaaa izal laminaz zaalimeen,Fa-in AAuthira AAala annahumaistahaqqa ithman faakharani yaqoomanimaqamahuma mina allatheena istahaqqaAAalayhimu al-awlayani fayuqsimani billahilashahadatuna ahaqqu min shahadatihimawama iAAtadayna inna ithan lamina aththalimeen,فَإِنْ عُثِرَ عَلَىٰٓ أَنَّهُمَا ٱسْتَحَقَّآ إِثْمًۭا فَـَٔاخَرَانِ يَقُومَانِ مَقَامَهُمَا مِنَ ٱلَّذِينَ ٱسْتَحَقَّ عَلَيْهِمُ ٱلْأَوْلَيَٰنِ فَيُقْسِمَانِ بِٱللَّهِ لَشَهَٰدَتُنَآ أَحَقُّ مِن شَهَٰدَتِهِمَا وَمَا ٱعْتَدَيْنَآ إِنَّآ إِذًۭا لَّمِنَ ٱلظَّٰلِمِينَ,0.1663,0.1641,0.1722,0.1722,REAL_ERROR
5,110,Idh qāla l-lahu yāʿīsā ib'na maryama udh'kur niʿ'matī ʿalayka waʿalā wālidatika idh ayyadttuka birūḥi l-qudusi tukallimu n-nāsa fī l-mahdi wakahlaw-wa-idh ʿallamtuka l-kitāba wal-ḥik'mata wal-tawrāta wal-injīla wa-idh takhluqu mina ṭ-ṭīni kahayati ṭ-ṭayri bi-idh'nī fatanfukhu fīhā fatakūnu ṭayran bi-idh'nī watub'ri-u l-akmaha wal-abraṣa bi-idh'nī wa-idh tukh'riju l-mawtā bi-idh'nī wa-idh kafaftu banī is'rāīla ʿanka idh ji'tahum bil-bayināti faqāla alladhīna kafarū min'hum in hādhā illā siḥ'rum-mubīnun,Iz qaalal laahu yaa 'Eesab-na-Maryamaz kur ni'matee 'alaika wa 'alaa waalidatik; iz aiyattuka bi Roohil Qudusi tukallimun naasa fil mahdi wa kahlanw wa iz 'allamtukal kitaaba wal Hikmata wa Tawraata wal Injeela wa iz Takhluqu minat teeni kahai 'atit tairi bi iznee fatanfukhu feeha fatakoonu tairam bi iznee wa tubri'ul akmaha wal abrasa bi iznee wa iz tukhrijul mawtaa bi iznee wa iz kafaftu Baneee Israaa'eela 'anka iz ji'tahum bil baiyinaati fa qaalal lazeena kafaroo minhum in haazaaa illaa sihrum mubeen,Ith qala Allahu yaAAeesa ibna maryama othkur niAAmatee AAalaykawaAAala walidatika ith ayyadtuka biroohialqudusi tukallimu annasa fee almahdi wakahlanwa-ith AAallamtuka alkitaba walhikmatawattawrata wal-injeela wa-ithtakhluqu mina atteeni kahay-ati attayribi-ithnee fatanfukhu feeha fatakoonu tayranbi-ithnee watubri-o al-akmaha wal-abrasabi-ithnee wa-ith tukhriju almawta bi-ithneewa-ith kafaftu banee isra-eela AAanka ithji/tahum bilbayyinati faqala allatheenakafaroo minhum in hatha illa sihrun mubeen,إِذْ قَالَ ٱللَّهُ يَٰعِيسَى ٱبْنَ مَرْيَمَ ٱذْكُرْ نِعْمَتِى عَلَيْكَ وَعَلَىٰ وَٰلِدَتِكَ إِذْ أَيَّدتُّكَ بِرُوحِ ٱلْقُدُسِ تُكَلِّمُ ٱلنَّاسَ فِى ٱلْمَهْدِ وَكَهْلًۭا ۖ وَإِذْ عَلَّمْتُكَ ٱلْكِتَٰبَ وَٱلْحِكْمَةَ وَٱلتَّوْرَىٰةَ وَٱلْإِنجِيلَ ۖ وَإِذْ تَخْلُقُ مِنَ ٱلطِّينِ كَهَيْـَٔةِ ٱلطَّيْرِ بِإِذْنِى فَتَنفُخُ فِيهَا فَتَكُونُ طَيْرًۢا بِإِذْنِى ۖ وَتُبْرِئُ ٱلْأَكْمَهَ وَٱلْأَبْرَصَ بِإِذْنِى ۖ وَإِذْ تُخْرِجُ ٱلْمَوْتَىٰ بِإِذْنِى ۖ وَإِذْ كَفَفْتُ بَنِىٓ إِسْرَٰٓءِيلَ عَنكَ إِذْ جِئْتَهُم بِٱلْبَيِّنَٰتِ فَقَالَ ٱلَّذِينَ كَفَرُوا۟ مِنْهُمْ إِنْ هَٰذَآ إِلَّا سِحْرٌۭ مُّبِينٌۭ,0.0258,0.012,0.0259,0.0259,REAL_ERROR
5,116,Wa-idh qāla l-lahu yāʿīsā ib'na maryama a-anta qul'ta lilnnāsi ittakhidhūnī wa-ummiya ilāhayni min dūni l-lahi qāla sub'ḥānaka mā yakūnu lī an aqūla mā laysa lī biḥaqqin in kuntu qul'tuhu faqad ʿalim'tahu taʿlamu mā fī nafsī walā aʿlamu mā fī nafsika innaka anta ʿallāmu l-ghuyūb,Wa iz qaalal laahu yaa 'Eesab na Maryama 'a-anta qulta linnaasit takhizoonee wa ummiya ilaahaini min doonil laahi qaala Subhaanaka maa yakoonu leee anaqoola maa yakkoonu leee an aqoola maa laisa lee bihaqq; in kuntu qultuhoo faqad 'alimtah; ta'lamu maa fee nafsee wa laaa a'almu maa fee nafsik; innaka Anta 'Allaamul Ghuyoob,Wa-ith qala Allahu yaAAeesa ibna maryama aanta qulta linnasiittakhithoonee waommiya ilahayni min dooni Allahiqala subhanaka ma yakoonu lee an aqoola malaysa lee bihaqqin in kuntu qultuhu faqad AAalimtahutaAAlamu ma fee nafsee wala aAAlamu ma feenafsika innaka anta AAallamu alghuyoob,وَإِذْ قَالَ ٱللَّهُ يَٰعِيسَى ٱبْنَ مَرْيَمَ ءَأَنتَ قُلْتَ لِلنَّاسِ ٱتَّخِذُونِى وَأُمِّىَ إِلَٰهَيْنِ مِن دُونِ ٱللَّهِ ۖ قَالَ سُبْحَٰنَكَ مَا يَكُونُ لِىٓ أَنْ أَقُولَ مَا لَيْسَ لِى بِحَقٍّ ۚ إِن كُنتُ قُلْتُهُۥ فَقَدْ عَلِمْتَهُۥ ۚ تَعْلَمُ مَا فِى نَفْسِى وَلَآ أَعْلَمُ مَا فِى نَفْسِكَ ۚ إِنَّكَ أَنتَ عَلَّٰمُ ٱلْغُيُوبِ,0.0463,0.0404,0.0464,0.0464,REAL_ERROR
5,117,Mā qul'tu lahum illā mā amartanī bihi ani uʿ'budū l-laha rabbī warabbakum wakuntu ʿalayhim shahīdam-mā dum'tu fīhim falammā tawaffaytanī kunta anta r-raqība ʿalayhim wa-anta ʿalā kulli shayin shahīdun,Maa qultu lahum illaa maaa amartanee bihee ani'budul laaha Rabbeee wa Rabbakum; wa kuntu 'alaihim shaheedam maa dumtu feehim falammaa tawaffaitanee kunta Antar Raqeeba 'alaihim; wa Anta 'alaa kulli shai'in Shaheed,Ma qultu lahum illa maamartanee bihi ani oAAbudoo Allaha rabbee warabbakumwakuntu AAalayhim shaheedan ma dumtu feehim falammatawaffaytanee kunta anta arraqeeba AAalayhim waanta AAalakulli shay-in shaheed,مَا قُلْتُ لَهُمْ إِلَّا مَآ أَمَرْتَنِى بِهِۦٓ أَنِ ٱعْبُدُوا۟ ٱللَّهَ رَبِّى وَرَبَّكُمْ ۚ وَكُنتُ عَلَيْهِمْ شَهِيدًۭا مَّا دُمْتُ فِيهِمْ ۖ فَلَمَّا تَوَفَّيْتَنِى كُنتَ أَنتَ ٱلرَّقِيبَ عَلَيْهِمْ ۚ وَأَنتَ عَلَىٰ كُلِّ شَىْءٍۢ شَهِيدٌ,0.1886,0.1832,0.1905,0.1905,REAL_ERROR
48,6,Wayuʿadhiba l-munāfiqīna wal-munāfiqāti wal-mush'rikīna wal-mush'rikāti ẓ-ẓānīna bil-lahi ẓanna s-sawi ʿalayhim dāiratu s-sawi waghaḍiba l-lahu ʿalayhim walaʿanahum wa-aʿadda lahum jahannama wasāat maṣīran,Wa yu'azzibal munaafiqeena walmunaafiqaati wal mushrikeena walmushrikaatiz zaaanneena billaahi zannas saw'; 'alaihim daaa'iratus saw'i wa ghadibal laahu 'alaihim wa la'anahum wa a'adda lahum jahannama wa saaa' at maseeraa,WayuAAaththiba almunafiqeena walmunafiqatiwalmushrikeena walmushrikati aththanneenabillahi thanna assaw-iAAalayhim da-iratu assaw-i waghadiba AllahuAAalayhim walaAAanahum waaAAadda lahum jahannama wasaat maseera,وَيُعَذِّبَ ٱلْمُنَٰفِقِينَ وَٱلْمُنَٰفِقَٰتِ وَٱلْمُشْرِكِينَ وَٱلْمُشْرِكَٰتِ ٱلظَّآنِّينَ بِٱللَّهِ ظَنَّ ٱلسَّوْءِ ۚ عَلَيْهِمْ دَآئِرَةُ ٱلسَّوْءِ ۖ وَغَضِبَ ٱللَّهُ عَلَيْهِمْ وَلَعَنَهُمْ وَأَعَدَّ لَهُمْ جَهَنَّمَ ۖ وَسَآءَتْ مَصِيرًۭا,0.5,0.3628,0.5024,0.5024,REAL_ERROR
48,11,Sayaqūlu laka l-mukhalafūna mina l-aʿrābi shaghalatnā amwālunā wa-ahlūnā fa-is'taghfir lanā yaqūlūna bi-alsinatihim mā laysa fī qulūbihim qul famay-yamliku lakum mina l-lahi shayan in arāda bikum ḍarran aw arāda bikum nafʿan bal kāna l-lahu bimā taʿmalūna khabīran,Sa yaqoolu lakal mukhal lafoona minal-A'raabi shaighalatnaaa amwaalunaa wa ahloonaa fastaghfir lanaa; yaqooloona bi alsinatihim maa laisa fee quloobihim; qul famany yamliku lakum minal laahi shai'an in araada bikum darran aw araada bikum naf'aa; bal kaanal laahu bimaa ta'maloona Khabeeraa,Sayaqoolu laka almukhallafoona mina al-aAArabishaghalatna amwaluna waahloona fastaghfirlana yaqooloona bi-alsinatihim ma laysa feequloobihim qul faman yamliku lakum mina Allahi shay-an inarada bikum darran aw arada bikum nafAAanbal kana Allahu bima taAAmaloona khabeera,سَيَقُولُ لَكَ ٱلْمُخَلَّفُونَ مِنَ ٱلْأَعْرَابِ شَغَلَتْنَآ أَمْوَٰلُنَا وَأَهْلُونَا فَٱسْتَغْفِرْ لَنَا ۚ يَقُولُونَ بِأَلْسِنَتِهِم مَّا لَيْسَ فِى قُلُوبِهِمْ ۚ قُلْ فَمَن يَمْلِكُ لَكُم مِّنَ ٱللَّهِ شَيْـًٔا إِنْ أَرَادَ بِكُمْ ضَرًّا أَوْ أَرَادَ بِكُمْ نَفْعًۢا ۚ بَلْ كَانَ ٱللَّهُ بِمَا تَعْمَلُونَ خَبِيرًۢا,0.2702,0.2618,0.2702,0.2702,REAL_ERROR
48,15,Sayaqūlu l-mukhalafūna idhā inṭalaqtum ilā maghānima litakhudhūhā dharūnā nattabiʿ'kum yurīdūna ay-yubaddilū kalāma l-lahi qul lan tattabiʿūnā kadhālikum qāla l-lahu min qablu fasayaqūlūna bal taḥsudūnanā bal kānū lā yafqahūna illā qalīlan,Sa yaqoolul mukhalla foona izan talaqtum ilaa maghaanima litaakhuzoohaa zaroonaa nattabi'kum yureedoona any yubaddiloo Kalaamallaah; qul lan tattabi'oonaa kazaalikum qaalal laahu min qablu fasa yaqooloona bal tahsudoonanna; bal kaanoo laa yafqahoona illaa qaleela,Sayaqoolu almukhallafoona itha intalaqtumila maghanima lita/khuthooha tharoonanattabiAAkum yureedoona an yubaddiloo kalama Allahiqul lan tattabiAAoona kathalikum qala Allahumin qablu fasayaqooloona bal tahsudoonana bal kanoola yafqahoona illa qaleela,سَيَقُولُ ٱلْمُخَلَّفُونَ إِذَا ٱنطَلَقْتُمْ إِلَىٰ مَغَانِمَ لِتَأْخُذُوهَا ذَرُونَا نَتَّبِعْكُمْ ۖ يُرِيدُونَ أَن يُبَدِّلُوا۟ كَلَٰمَ ٱللَّهِ ۚ قُل لَّن تَتَّبِعُونَا كَذَٰلِكُمْ قَالَ ٱللَّهُ مِن قَبْلُ ۖ فَسَيَقُولُونَ بَلْ تَحْسُدُونَنَا ۚ بَلْ كَانُوا۟ لَا يَفْقَهُونَ إِلَّا قَلِيلًۭا,0.3067,0.2725,0.3074,0.3074,REAL_ERROR
48,16,Qul lil'mukhallafīna mina l-aʿrābi satud'ʿawna ilā qawmin ulī basin shadīdin tuqātilūnahum aw yus'limūna fa-in tuṭīʿū yu'tikumu l-lahu ajran ḥasanaw-wa-in tatawallaw kamā tawallaytum min qablu yuʿadhib'kum ʿadhāban alīman,Qul lilmukhallafeena minal A'raabi satud'awna ilaa qawmin ulee baasin shadeedin tuqaati loonahum aw yuslimoona fa in tutee'oo yu'tikumul laahu ajran hasananw wa in tatawallaw kamaa tawallaitum min qablu yu'azzibkum 'azaaban aleemaa,Qul lilmukhallafeena mina al-aAArabisatudAAawna ila qawmin olee ba/sin shadeedin tuqatiloonahumaw yuslimoona fa-in tuteeAAoo yu/tikumu Allahuajran hasanan wa-in tatawallaw kama tawallaytum minqablu yuAAaththibkum AAathaban aleema,قُل لِّلْمُخَلَّفِينَ مِنَ ٱلْأَعْرَابِ سَتُدْعَوْنَ إِلَىٰ قَوْمٍ أُو۟لِى بَأْسٍۢ شَدِيدٍۢ تُقَٰتِلُونَهُمْ أَوْ يُسْلِمُونَ ۖ فَإِن تُطِيعُوا۟ يُؤْتِكُمُ ٱللَّهُ أَجْرًا حَسَنًۭا ۖ وَإِن تَتَوَلَّوْا۟ كَمَا تَوَلَّيْتُم مِّن قَبْلُ يُعَذِّبْكُمْ عَذَابًا أَلِيمًۭا,0.4213,0.4766,0.3036,0.4766,REAL_ERROR
48,17,Laysa ʿalā l-aʿmā ḥarajuw-walā ʿalā l-aʿraji ḥarajuw-walā ʿalā l-marīḍi ḥarajuw-waman yuṭiʿi l-laha warasūlahu yud'khil'hu jannātin tajrī min taḥtihā l-anhāru wamay-yatawalla yuʿadhib'hu ʿadhāban alīman,Laisa 'alal a'maa harajunw wa laa 'alal a'raji harajunw wa laa 'alal mareedi haraj' wa many yutil'il laaha wa Rasoolahoo yudkhilhu jannaatin tajree min tahtihal anhaaru wa many yatawalla yu'azzibhu 'azaaban aleemaa,Laysa AAala al-aAAma harajunwala AAala al-aAAraji harajun walaAAala almareedi harajun waman yutiAAiAllaha warasoolahu yudkhilhu jannatin tajree min tahtihaal-anharu waman yatawalla yuAAaththibhu AAathabanaleema,لَّيْسَ عَلَى ٱلْأَعْمَىٰ حَرَجٌۭ وَلَا عَلَى ٱلْأَعْرَجِ حَرَجٌۭ وَلَا عَلَى ٱلْمَرِيضِ حَرَجٌۭ ۗ وَمَن يُطِعِ ٱللَّهَ وَرَسُولَهُۥ يُدْخِلْهُ جَنَّٰتٍۢ تَجْرِى مِن تَحْتِهَا ٱلْأَنْهَٰرُ ۖ وَمَن يَتَوَلَّ يُعَذِّبْهُ عَذَابًا أَلِيمًۭا,0.2184,0.1769,0.2255,0.2255,REAL_ERROR
48,25,Humu alladhīna kafarū waṣaddūkum ʿani l-masjidi l-ḥarāmi wal-hadya maʿkūfan ay-yablugha maḥillahu walawlā rijālum-mu'minūna wanisāom-mu'minātun lam taʿlamūhum an taṭaūhum fatuṣībakum min'hum maʿarratun bighayri ʿil'mil-liyud'khila l-lahu fī raḥmatihi may-yashāu law tazayyalū laʿadhabnā alladhīna kafarū min'hum ʿadhāban alīman,Humul lazeena kafaroo wa saddookum 'anil-Masjidil-Haraami walhadya ma'koofan any yablugha mahillah; wa law laa rijaalum mu'minoona wa nisaaa'um mu'minaatul lam ta'lamoohum an tata'oohum fatuseebakum minhum ma'arratum bighairi 'ilmin liyud khilal laahu fee rahmatihee many yashaaa'; law tazayyaloo la'azzabnal lazeena kafaroo minhum 'azaaban aleema,Humu allatheena kafaroo wasaddookumAAani almasjidi alharami walhadyamaAAkoofan an yablugha mahillahu walawla rijalunmu/minoona wanisaon mu/minatun lam taAAlamoohum antataoohum fatuseebakum minhum maAAarratun bighayriAAilmin liyudkhila Allahu fee rahmatihi man yashaolaw tazayyaloo laAAaththabna allatheenakafaroo minhum AAathaban aleema,هُمُ ٱلَّذِينَ كَفَرُوا۟ وَصَدُّوكُمْ عَنِ ٱلْمَسْجِدِ ٱلْحَرَامِ وَٱلْهَدْىَ مَعْكُوفًا أَن يَبْلُغَ مَحِلَّهُۥ ۚ وَلَوْلَا رِجَالٌۭ مُّؤْمِنُونَ وَنِسَآءٌۭ مُّؤْمِنَٰتٌۭ لَّمْ تَعْلَمُوهُمْ أَن تَطَـُٔوهُمْ فَتُصِيبَكُم مِّنْهُم مَّعَرَّةٌۢ بِغَيْرِ عِلْمٍۢ ۖ لِّيُدْخِلَ ٱللَّهُ فِى رَحْمَتِهِۦ مَن يَشَآءُ ۚ لَوْ تَزَيَّلُوا۟ لَعَذَّبْنَا ٱلَّذِينَ كَفَرُوا۟ مِنْهُمْ عَذَابًا أَلِيمًا,0.2383,0.1323,0.2394,0.2394,REAL_ERROR
48,26,Idh jaʿala alladhīna kafarū fī qulūbihimu l-ḥamiyata ḥamiyyata l-jāhiliyati fa-anzala l-lahu sakīnatahu ʿalā rasūlihi waʿalā l-mu'minīna wa-alzamahum kalimata t-taqwā wakānū aḥaqqa bihā wa-ahlahā wakāna l-lahu bikulli shayin ʿalīman,Iz ja'alal lazeena kafaroo fee quloobihimul hamiyyata hamiyyatal jaahiliyyati fa anzalal laahu sakeenatahoo 'alaa Rasoolihee wa 'alal mu mineena wa alzamahum kalimatat taqwaa wa kaanooo ahaqqa bihaa wa ahlahaa; wa kaanal laahu bikulli shai'in Aleema,Ith jaAAala allatheena kafaroofee quloobihimu alhamiyyata hamiyyata aljahiliyyatifaanzala Allahu sakeenatahu AAala rasoolihi waAAalaalmu/mineena waalzamahum kalimata attaqwa wakanooahaqqa biha waahlaha wakana Allahubikulli shay-in AAaleema,إِذْ جَعَلَ ٱلَّذِينَ كَفَرُوا۟ فِى قُلُوبِهِمُ ٱلْحَمِيَّةَ حَمِيَّةَ ٱلْجَٰهِلِيَّةِ فَأَنزَلَ ٱللَّهُ سَكِينَتَهُۥ عَلَىٰ رَسُولِهِۦ وَعَلَى ٱلْمُؤْمِنِينَ وَأَلْزَمَهُمْ كَلِمَةَ ٱلتَّقْوَىٰ وَكَانُوٓا۟ أَحَقَّ بِهَا وَأَهْلَهَا ۚ وَكَانَ ٱللَّهُ بِكُلِّ شَىْءٍ عَلِيمًۭا,0.4119,0.3403,0.4136,0.4136,REAL_ERROR
48,27,Laqad ṣadaqa l-lahu rasūlahu r-ru'yā bil-ḥaqi latadkhulunna l-masjida l-ḥarāma in shāa l-lahu āminīna muḥalliqīna ruūsakum wamuqaṣṣirīna lā takhāfūna faʿalima mā lam taʿlamū fajaʿala min dūni dhālika fatḥan qarīban,"Laqad sadaqal laahu Rasoolahur ru'yaa bilhaqq, latadkhulunnal Masjidal-Haraama in shaaa'al laahu aamineena muhalliqeena ru'oosakum wa muqassireena laa takhaafoona fa'alima maa lam ta'lamoo faja'ala min dooni zaalika fathan qareebaa",Laqad sadaqa Allahu rasoolahuarru/ya bilhaqqi latadkhulunnaalmasjida alharama in shaa Allahu amineenamuhalliqeena ruoosakum wamuqassireena latakhafoona faAAalima ma lam taAAlamoo fajaAAala mindooni thalika fathan qareeba,لَّقَدْ صَدَقَ ٱللَّهُ رَسُولَهُ ٱلرُّءْيَا بِٱلْحَقِّ ۖ لَتَدْخُلُنَّ ٱلْمَسْجِدَ ٱلْحَرَامَ إِن شَآءَ ٱللَّهُ ءَامِنِينَ مُحَلِّقِينَ رُءُوسَكُمْ وَمُقَصِّرِينَ لَا تَخَافُونَ ۖ فَعَلِمَ مَا لَمْ تَعْلَمُوا۟ فَجَعَلَ مِن دُونِ ذَٰلِكَ فَتْحًۭا قَرِيبًا,0.2442,0.2568,0.2442,0.2568,REAL_ERROR
48,29,Muḥammadur-rasūlu l-lahi wa-alladhīna maʿahu ashiddāu ʿalā l-kufāri ruḥamāu baynahum tarāhum rukkaʿan sujjaday-yabtaghūna faḍlam-mina l-lahi wariḍ'wānan sīmāhum fī wujūhihim min athari s-sujūdi dhālika mathaluhum fī t-tawrāti wamathaluhum fī l-injīli kazarʿin akhraja shaṭahu faāzarahu fa-is'taghlaẓa fa-is'tawā ʿalā sūqihi yuʿ'jibu z-zurāʿa liyaghīẓa bihimu l-kufāra waʿada l-lahu alladhīna āmanū waʿamilū ṣ-ṣāliḥāti min'hum maghfirataw-wa-ajran ʿaẓīman,Muhammadur Rasoolul laah; wallazeena ma'ahooo ashiddaaa'u 'alal kuffaaari ruhamaaa'u bainahum taraahum rukka'an sujjadany yabtaghoona fadlam minal laahi wa ridwaanan seemaahum fee wujoohihim min asaris sujood; zaalika masaluhum fit tawraah; wa masaluhum fil Injeeli kazar'in akhraja shat 'ahoo fa 'aazarahoo fastaghlaza fastawaa 'alaa sooqihee yu'jibuz zurraa'a liyagheeza bihimul kuffaar; wa'adal laahul lazeena aamanoo wa 'amilus saalihaati minhum maghfiratanw wa ajran 'azeemaa,Muhammadun rasoolu Allahi wallatheenamaAAahu ashiddao AAala alkuffari ruhamaobaynahum tarahum rukkaAAan sujjadan yabtaghoona fadlanmina Allahi waridwanan seemahum feewujoohihim min athari assujoodi thalika mathaluhumfee attawrati wamathaluhum fee al-injeelikazarAAin akhraja shat-ahu faazarahu fastaghlathafastawa AAala sooqihi yuAAjibu azzurraAAaliyagheetha bihimu alkuffara waAAada Allahuallatheena amanoo waAAamiloo assalihatiminhum maghfiratan waajran AAatheema,مُّحَمَّدٌۭ رَّسُولُ ٱللَّهِ ۚ وَٱلَّذِينَ مَعَهُۥٓ أَشِدَّآءُ عَلَى ٱلْكُفَّارِ رُحَمَآءُ بَيْنَهُمْ ۖ تَرَىٰهُمْ رُكَّعًۭا سُجَّدًۭا يَبْتَغُونَ فَضْلًۭا مِّنَ ٱللَّهِ وَرِضْوَٰنًۭا ۖ سِيمَاهُمْ فِى وُجُوهِهِم مِّنْ أَثَرِ ٱلسُّجُودِ ۚ ذَٰلِكَ مَثَلُهُمْ فِى ٱلتَّوْرَىٰةِ ۚ وَمَثَلُهُمْ فِى ٱلْإِنجِيلِ كَزَرْعٍ أَخْرَجَ شَطْـَٔهُۥ فَـَٔازَرَهُۥ فَٱسْتَغْلَظَ فَٱسْتَوَىٰ عَلَىٰ سُوقِهِۦ يُعْجِبُ ٱلزُّرَّاعَ لِيَغِيظَ بِهِمُ ٱلْكُفَّارَ ۗ وَعَدَ ٱللَّهُ ٱلَّذِينَ ءَامَنُوا۟ وَعَمِلُوا۟ ٱلصَّٰلِحَٰتِ مِنْهُم مَّغْفِرَةًۭ وَأَجْرًا عَظِيمًۢا,0.0892,0.063,0.0896,0.0896,REAL_ERROR
60,1,Yāayyuhā alladhīna āmanū lā tattakhidhū ʿaduwwī waʿaduwwakum awliyāa tul'qūna ilayhim bil-mawadati waqad kafarū bimā jāakum mina l-ḥaqi yukh'rijūna r-rasūla wa-iyyākum an tu'minū bil-lahi rabbikum in kuntum kharajtum jihādan fī sabīlī wa-ib'tighāa marḍātī tusirrūna ilayhim bil-mawadati wa-anā aʿlamu bimā akhfaytum wamā aʿlantum wamay-yafʿalhu minkum faqad ḍalla sawāa s-sabīl,"Yaa ayyuhal lazeena aamanoo laa tattakhizoo 'aduwwee wa 'aduwaakum awliyaaa'a tulqoona ilaihim bilmawaddati wa qad kafaroo bima jaaa'akum minal haqq, yukhrijoonar Rasoola wa iyyaakum an tu'minoo billaahi rabbikum in kuntum kharajtum jihaadan fee sabeelee wabtighaaa'a mardaatee; tusirroona ilaihim bilma waddati wa ana a'alamu bimaaa akhfaitum wa maaa a'lantum; wa many yaf'alhu minkum faqad dalla sawaaa'as sabeel",Ya ayyuha allatheena amanoola tattakhithoo AAaduwwee waAAaduwwakum awliyaatulqoona ilayhim bilmawaddati waqad kafaroo bima jaakummina alhaqqi yukhrijoona arrasoola wa-iyyakuman tu/minoo billahi rabbikum in kuntum kharajtumjihadan fee sabeelee wabtighaa mardateetusirroona ilayhim bilmawaddati waana aAAlamu bimaakhfaytum wama aAAlantum waman yafAAalhu minkum faqad dallasawaa assabeel,يَٰٓأَيُّهَا ٱلَّذِينَ ءَامَنُوا۟ لَا تَتَّخِذُوا۟ عَدُوِّى وَعَدُوَّكُمْ أَوْلِيَآءَ تُلْقُونَ إِلَيْهِم بِٱلْمَوَدَّةِ وَقَدْ كَفَرُوا۟ بِمَا جَآءَكُم مِّنَ ٱلْحَقِّ يُخْرِجُونَ ٱلرَّسُولَ وَإِيَّاكُمْ ۙ أَن تُؤْمِنُوا۟ بِٱللَّهِ رَبِّكُمْ إِن كُنتُمْ خَرَجْتُمْ جِهَٰدًۭا فِى سَبِيلِى وَٱبْتِغَآءَ مَرْضَاتِى ۚ تُسِرُّونَ إِلَيْهِم بِٱلْمَوَدَّةِ وَأَنَا۠ أَعْلَمُ بِمَآ أَخْفَيْتُمْ وَمَآ أَعْلَنتُمْ ۚ وَمَن يَفْعَلْهُ مِنكُمْ فَقَدْ ضَلَّ سَوَآءَ ٱلسَّبِيلِ,0.3028,0.3057,0.1895,0.3057,REAL_ERROR
60,4,Qad kānat lakum us'watun ḥasanatun fī ib'rāhīma wa-alladhīna maʿahu idh qālū liqawmihim innā buraāu minkum wamimmā taʿbudūna min dūni l-lahi kafarnā bikum wabadā baynanā wabaynakumu l-ʿadāwatu wal-baghḍāu abadan ḥattā tu'minū bil-lahi waḥdahu illā qawla ib'rāhīma li-abīhi la-astaghfiranna laka wamā amliku laka mina l-lahi min shayir-rabbanā ʿalayka tawakkalnā wa-ilayka anabnā wa-ilayka l-maṣīr,Qad kaanat lakum uswatun basanatun feee Ibraaheema wallazeena ma'ahoo iz qaaloo liqawmihim innaa bura'aaa'u minkum wa mimmaa ta'budoona min doonil laahi kafarnaa bikum wa badaa bainanaa wa bainakumul 'adaawatu wal baghdaaa'u abadan hattaa tu'minoo billaahi wahdahooo illaa qawla Ibraheema li abeehi la astaghfiranna laka wa maaa amliku laka minal laahi min shai; rabbanaa 'alaika tawakkalnaa wa ilaika anabnaa wa ilaikal maseer,Qad kanat lakum oswatun hasanatunfee ibraheema wallatheena maAAahu ithqaloo liqawmihim inna buraao minkum wamimmataAAbudoona min dooni Allahi kafarna bikum wabadabaynana wabaynakumu alAAadawatu walbaghdaoabadan hatta tu/minoo billahi wahdahuilla qawla ibraheema li-abeehi laastaghfiranna lakawama amliku laka mina Allahi min shay-in rabbanaAAalayka tawakkalna wa-ilayka anabna wa-ilayka almaseer,قَدْ كَانَتْ لَكُمْ أُسْوَةٌ حَسَنَةٌۭ فِىٓ إِبْرَٰهِيمَ وَٱلَّذِينَ مَعَهُۥٓ إِذْ قَالُوا۟ لِقَوْمِهِمْ إِنَّا بُرَءَٰٓؤُا۟ مِنكُمْ وَمِمَّا تَعْبُدُونَ مِن دُونِ ٱللَّهِ كَفَرْنَا بِكُمْ وَبَدَا بَيْنَنَا وَبَيْنَكُمُ ٱلْعَدَٰوَةُ وَٱلْبَغْضَآءُ أَبَدًا حَتَّىٰ تُؤْمِنُوا۟ بِٱللَّهِ وَحْدَهُۥٓ إِلَّا قَوْلَ إِبْرَٰهِيمَ لِأَبِيهِ لَأَسْتَغْفِرَنَّ لَكَ وَمَآ أَمْلِكُ لَكَ مِنَ ٱللَّهِ مِن شَىْءٍۢ ۖ رَّبَّنَا عَلَيْكَ تَوَكَّلْنَا وَإِلَيْكَ أَنَبْنَا وَإِلَيْكَ ٱلْمَصِيرُ,0.3098,0.3105,0.2636,0.3105,REAL_ERROR
60,10,Yāayyuhā alladhīna āmanū idhā jāakumu l-mu'minātu muhājirātin fa-im'taḥinūhunna l-lahu aʿlamu biīmānihinna fa-in ʿalim'tumūhunna mu'minātin falā tarjiʿūhunna ilā l-kufāri lā hunna ḥillul-lahum walā hum yaḥillūna lahunna waātūhum mā anfaqū walā junāḥa ʿalaykum an tankiḥūhunna idhā ātaytumūhunna ujūrahunna walā tum'sikū biʿiṣami l-kawāfiri wasalū mā anfaqtum walyasalū mā anfaqū dhālikum ḥuk'mu l-lahi yaḥkumu baynakum wal-lahu ʿalīmun ḥakīmun,Yaa ayyuhal lazeena aamanoo izaa jaaa'akumul mu'minaatu muhaajiraatin famtah inoohunna Allaahu a'lamu bieemaanihinna fa in 'alimtumoohunna mu'minaatin falaa tarji'oohunna ilal kuffaar; laa hunna hillul lahum wa laa hum uahilloona lahunna wa aatoohum maa anfaqoo wa laa junaaha 'alaikum an tankihoohunna izaaa aataitumoohunna ujoorahunn; wa laa tumsikoo bi 'isamil kawaafiri was'aloo maaa anfaqtum walyas'aloo maaa anfaqoo zaalikum hukmul laahi yahkumu bainakum wallaahu 'aleemun hakeem,Ya ayyuha allatheena amanooitha jaakumu almu/minatu muhajiratinfamtahinoohunna Allahu aAAlamu bi-eemanihinnafa-in AAalimtumoohunna mu/minatin falatarjiAAoohunna ila alkuffari la hunna hillunlahum wala hum yahilloona lahunna waatoohumma anfaqoo wala junaha AAalaykum an tankihoohunnaitha ataytumoohunna ojoorahunna walatumsikoo biAAisami alkawafiri was-aloo maanfaqtum walyas-aloo ma anfaqoo thalikum hukmuAllahi yahkumu baynakum wallahuAAaleemun hakeem,يَٰٓأَيُّهَا ٱلَّذِينَ ءَامَنُوٓا۟ إِذَا جَآءَكُمُ ٱلْمُؤْمِنَٰتُ مُهَٰجِرَٰتٍۢ فَٱمْتَحِنُوهُنَّ ۖ ٱللَّهُ أَعْلَمُ بِإِيمَٰنِهِنَّ ۖ فَإِنْ عَلِمْتُمُوهُنَّ مُؤْمِنَٰتٍۢ فَلَا تَرْجِعُوهُنَّ إِلَى ٱلْكُفَّارِ ۖ لَا هُنَّ حِلٌّۭ لَّهُمْ وَلَا هُمْ يَحِلُّونَ لَهُنَّ ۖ وَءَاتُوهُم مَّآ أَنفَقُوا۟ ۚ وَلَا جُنَاحَ عَلَيْكُمْ أَن تَنكِحُوهُنَّ إِذَآ ءَاتَيْتُمُوهُنَّ أُجُورَهُنَّ ۚ وَلَا تُمْسِكُوا۟ بِعِصَمِ ٱلْكَوَافِرِ وَسْـَٔلُوا۟ مَآ أَنفَقْتُمْ وَلْيَسْـَٔلُوا۟ مَآ أَنفَقُوا۟ ۚ ذَٰلِكُمْ حُكْمُ ٱللَّهِ ۖ يَحْكُمُ بَيْنَكُمْ ۚ وَٱللَّهُ عَلِيمٌ حَكِيمٌۭ,0.3844,0.1175,0.3879,0.3879,REAL_ERROR
60,12,Yāayyuhā n-nabiyu idhā jāaka l-mu'minātu yubāyiʿ'naka ʿalā al-lā yush'rik'na bil-lahi shayaw-walā yasriq'na walā yaznīna walā yaqtul'na awlādahunna walā yatīna bibuh'tāniy-yaftarīnahu bayna aydīhinna wa-arjulihinna walā yaʿṣīnaka fī maʿrūfin fabāyiʿ'hunna wa-is'taghfir lahunna l-laha inna l-laha ghafūrur-raḥīmun,Yaaa ayyuhan nabbiyyu izaa jaaa'akal mu'minaau yubaai naka 'alaaa allaa yushrikna billaahi shai 'anw wa laa yasriqna wa laa yazneena wa laa yaqtulna awlaadahunna wa laa yaateena bibuhtaaniny yaftaree nahoo baina aydeehinna wa arjulihinna wa laa ya'seenaka fee ma'roofin fabaayi'hunna wastaghfir lahunnal laaha innnal laaha ghafoorur raheem,Ya ayyuha annabiyyu ithajaaka almu/minatu yubayiAAnaka AAalaan la yushrikna billahi shay-an walayasriqna wala yazneena wala yaqtulna awladahunnawala ya/teena bibuhtanin yaftareenahu baynaaydeehinna waarjulihinna wala yaAAseenaka feemaAAroofin fabayiAAhunna wastaghfir lahunna Allahainna Allaha ghafoorun raheem,يَٰٓأَيُّهَا ٱلنَّبِىُّ إِذَا جَآءَكَ ٱلْمُؤْمِنَٰتُ يُبَايِعْنَكَ عَلَىٰٓ أَن لَّا يُشْرِكْنَ بِٱللَّهِ شَيْـًۭٔا وَلَا يَسْرِقْنَ وَلَا يَزْنِينَ وَلَا يَقْتُلْنَ أَوْلَٰدَهُنَّ وَلَا يَأْتِينَ بِبُهْتَٰنٍۢ يَفْتَرِينَهُۥ بَيْنَ أَيْدِيهِنَّ وَأَرْجُلِهِنَّ وَلَا يَعْصِينَكَ فِى مَعْرُوفٍۢ ۙ فَبَايِعْهُنَّ وَٱسْتَغْفِرْ لَهُنَّ ٱللَّهَ ۖ إِنَّ ٱللَّهَ غَفُورٌۭ رَّحِيمٌۭ,0.0369,0.0371,0.0323,0.0371,REAL_ERROR
65,1,Yāayyuhā n-nabiyu idhā ṭallaqtumu n-nisāa faṭalliqūhunna liʿiddatihinna wa-aḥṣū l-ʿidata wa-ittaqū l-laha rabbakum lā tukh'rijūhunna min buyūtihinna walā yakhruj'na illā ay-yatīna bifāḥishatim-mubayyinatin watil'ka ḥudūdu l-lahi wamay-yataʿadda ḥudūda l-lahi faqad ẓalama nafsahu lā tadrī laʿalla l-laha yuḥ'dithu baʿda dhālika amran,Yaaa ayyuhan nabiyyu izaa tallaqtummun nisaaa'a fatalliqoohunna li'iddatihinna wa ahsul'iddata; wattaqul laaha rabbakum laa tukhri joohunna mim bu-yootihinna wa laa yakhrujna illaaa any yaateema bifaahishatim mubaiyinah; wa tilka hudoodul laah; wa many yata'adda hudoodal laahi faqad zalama nafsha; laa tadree la'allal laaha yuhdisu ba'dazaalika amraa,Ya ayyuha annabiyyu ithatallaqtumu annisaa fatalliqoohunnaliAAiddatihinna waahsoo alAAiddata wattaqoo Allaharabbakum la tukhrijoohunna min buyootihinna walayakhrujna illa an ya/teena bifahishatinmubayyinatin watilka hudoodu Allahi wamanyataAAadda hudooda Allahi faqad thalamanafsahu la tadree laAAalla Allaha yuhdithubaAAda thalika amra,يَٰٓأَيُّهَا ٱلنَّبِىُّ إِذَا طَلَّقْتُمُ ٱلنِّسَآءَ فَطَلِّقُوهُنَّ لِعِدَّتِهِنَّ وَأَحْصُوا۟ ٱلْعِدَّةَ ۖ وَٱتَّقُوا۟ ٱللَّهَ رَبَّكُمْ ۖ لَا تُخْرِجُوهُنَّ مِنۢ بُيُوتِهِنَّ وَلَا يَخْرُجْنَ إِلَّآ أَن يَأْتِينَ بِفَٰحِشَةٍۢ مُّبَيِّنَةٍۢ ۚ وَتِلْكَ حُدُودُ ٱللَّهِ ۚ وَمَن يَتَعَدَّ حُدُودَ ٱللَّهِ فَقَدْ ظَلَمَ نَفْسَهُۥ ۚ لَا تَدْرِى لَعَلَّ ٱللَّهَ يُحْدِثُ بَعْدَ ذَٰلِكَ أَمْرًۭا,0.2511,0.1944,0.2515,0.2515,REAL_ERROR
65,2,Fa-idhā balaghna ajalahunna fa-amsikūhunna bimaʿrūfin aw fāriqūhunna bimaʿrūfiw-wa-ashhidū dhaway ʿadlim-minkum wa-aqīmū sh-shahādata lillahi dhālikum yūʿaẓu bihi man kāna yu'minu bil-lahi wal-yawmi l-ākhiri wamay-yattaqi l-laha yajʿal lahu makhrajan,Fa izaa balaghna ajalahunna fa amsikoohunna bima'roofin aw faariqoohunna bima'roofinw wa ashhidoo zawai 'adlim minkum wa aqeemush shahaadata lillaah; zaalikum yoo'azu bihee man kaana yu'minu billaahi wal yawmil aakhir; wa many yattaqil laaha yaj'al lahoo makhrajaa,Fa-itha balaghna ajalahunnafaamsikoohunna bimaAAroofin aw fariqoohunna bimaAAroofinwaashhidoo thaway AAadlin minkum waaqeemoo ashshahadatalillahi thalikum yooAAathu bihi man kanayu/minu billahi walyawmi al-akhiriwaman yattaqi Allaha yajAAal lahu makhraja,فَإِذَا بَلَغْنَ أَجَلَهُنَّ فَأَمْسِكُوهُنَّ بِمَعْرُوفٍ أَوْ فَارِقُوهُنَّ بِمَعْرُوفٍۢ وَأَشْهِدُوا۟ ذَوَىْ عَدْلٍۢ مِّنكُمْ وَأَقِيمُوا۟ ٱلشَّهَٰدَةَ لِلَّهِ ۚ ذَٰلِكُمْ يُوعَظُ بِهِۦ مَن كَانَ يُؤْمِنُ بِٱللَّهِ وَٱلْيَوْمِ ٱلْءَاخِرِ ۚ وَمَن يَتَّقِ ٱللَّهَ يَجْعَل لَّهُۥ مَخْرَجًۭا,0.1605,0.1882,0.0398,0.1882,REAL_ERROR
65,4,Wa-allāī ya-is'na mina l-maḥīḍi min-nisāikum ini ir'tabtum faʿiddatuhunna thalāthatu ashhuriw-wa-allāī lam yaḥiḍ'na wa-ulātu l-aḥmāli ajaluhunna ay-yaḍaʿna ḥamlahunna wamay-yattaqi l-laha yajʿal lahu min amrihi yus'ran,Wallaaa'ee ya'isna minal maheedi min nisaaa 'ikum inir tabtum fa'iddatuhunna salaasatu ashhurinw wallaaa'ee lam yahidn; wa ulaatul ahmaali ajaluhunna any yada'na hamlahun; wa many yattaqil laaha yaj'al lahoo min armrihee yusraa,Walla-ee ya-isna mina almaheedimin nisa-ikum ini irtabtum faAAiddatuhunna thalathatuashhurin walla-ee lam yahidna waolatual-ahmali ajaluhunna an yadaAAna hamlahunnawaman yattaqi Allaha yajAAal lahu min amrihi yusra,وَٱلَّٰٓـِٔى يَئِسْنَ مِنَ ٱلْمَحِيضِ مِن نِّسَآئِكُمْ إِنِ ٱرْتَبْتُمْ فَعِدَّتُهُنَّ ثَلَٰثَةُ أَشْهُرٍۢ وَٱلَّٰٓـِٔى لَمْ يَحِضْنَ ۚ وَأُو۟لَٰتُ ٱلْأَحْمَالِ أَجَلُهُنَّ أَن يَضَعْنَ حَمْلَهُنَّ ۚ وَمَن يَتَّقِ ٱللَّهَ يَجْعَل لَّهُۥ مِنْ أَمْرِهِۦ يُسْرًۭا,0.2778,0.3303,0.2778,0.3303,REAL_ERROR
65,6,Askinūhunna min ḥaythu sakantum miw-wuj'dikum walā tuḍārrūhunna lituḍayyiqū ʿalayhinna wa-in kunna ulāti ḥamlin fa-anfiqū ʿalayhinna ḥattā yaḍaʿna ḥamlahunna fa-in arḍaʿna lakum faātūhunna ujūrahunna watamirū baynakum bimaʿrūfiw-wa-in taʿāsartum fasatur'ḍiʿu lahu ukh'rā,Askinoohunna min haisu sakantum minw wujdikum wa laa tudaaarroohunna litudaiyiqoo 'alaihinn; wa in kunna ulaati hamlin fa anfiqoo 'alihinna hattaa yada'na hamlahunn; fain arda'na lakum fa aatoo hunna ujoorahunna waatamiroo bainakum bima'roofinw wa in ta'aasartum fasaturdi'u lahooo ukhraa,Askinoohunna min haythu sakantum minwujdikum wala tudarroohunna litudayyiqooAAalayhinna wa-in kunna olati hamlin faanfiqooAAalayhinna hatta yadaAAna hamlahunnafa-in ardaAAna lakum faatoohunna ojoorahunnawa/tamiroo baynakum bimaAAroofin wa-in taAAasartum fasaturdiAAulahu okhra,أَسْكِنُوهُنَّ مِنْ حَيْثُ سَكَنتُم مِّن وُجْدِكُمْ وَلَا تُضَآرُّوهُنَّ لِتُضَيِّقُوا۟ عَلَيْهِنَّ ۚ وَإِن كُنَّ أُو۟لَٰتِ حَمْلٍۢ فَأَنفِقُوا۟ عَلَيْهِنَّ حَتَّىٰ يَضَعْنَ حَمْلَهُنَّ ۚ فَإِنْ أَرْضَعْنَ لَكُمْ فَـَٔاتُوهُنَّ أُجُورَهُنَّ ۖ وَأْتَمِرُوا۟ بَيْنَكُم بِمَعْرُوفٍۢ ۖ وَإِن تَعَاسَرْتُمْ فَسَتُرْضِعُ لَهُۥٓ أُخْرَىٰ,0.1612,0.0833,0.1618,0.1618,REAL_ERROR
65,11,Rasūlay-yatlū ʿalaykum āyāti l-lahi mubayyinātil-liyukh'rija alladhīna āmanū waʿamilū ṣ-ṣāliḥāti mina ẓ-ẓulumāti ilā n-nūri wamay-yu'min bil-lahi wayaʿmal ṣāliḥay-yud'khil'hu jannātin tajrī min taḥtihā l-anhāru khālidīna fīhā abadan qad aḥsana l-lahu lahu riz'qan,Rasoolany yatloo 'alaikum aayaatil laahi mubaiyinaatil liyukhrijal lazeena aamanoo wa 'amilus saalihaati minaz zulumaati ilan noor; wa many yu'mim billaahi wa ya;mal saalihany yudkhilhu jannaatin tajree min tahtihal anhaaru khaalideena feehaa abadan qad ahsanal laahu lahoo rizqqq,Rasoolan yatloo AAalaykum ayatiAllahi mubayyinatin liyukhrija allatheena amanoowaAAamiloo assalihati mina aththulumatiila annoori waman yu/min billahiwayaAAmal salihan yudkhilhu jannatin tajreemin tahtiha al-anharu khalideena feehaabadan qad ahsana Allahu lahu rizqa,رَّسُولًۭا يَتْلُوا۟ عَلَيْكُمْ ءَايَٰتِ ٱللَّهِ مُبَيِّنَٰتٍۢ لِّيُخْرِجَ ٱلَّذِينَ ءَامَنُوا۟ وَعَمِلُوا۟ ٱلصَّٰلِحَٰتِ مِنَ ٱلظُّلُمَٰتِ إِلَى ٱلنُّورِ ۚ وَمَن يُؤْمِنۢ بِٱللَّهِ وَيَعْمَلْ صَٰلِحًۭا يُدْخِلْهُ جَنَّٰتٍۢ تَجْرِى مِن تَحْتِهَا ٱلْأَنْهَٰرُ خَٰلِدِينَ فِيهَآ أَبَدًۭا ۖ قَدْ أَحْسَنَ ٱللَّهُ لَهُۥ رِزْقًا,0.2593,0.282,0.125,0.282,REAL_ERROR
